whc,exp_runoff,exp_et,beta,delta,sum_correlation,n_variables,sm_corr,sm_rmse,sm_nse,sm_bias,ro_corr,ro_rmse,ro_nse,ro_bias,et_corr,et_rmse,et_nse,et_bias
210.0,2.0,0.2,0.4,0.2,2.471336860272721,3,0.8724649103632703,187.11337529428275,-18.388133657859274,-185.71463814474734,0.7019921764599028,1.6280092400368305,-1.0898162063236376,1.265653986741782,0.896879773449548,0.5319750757940779,0.6904292664756198,-0.32239573410746797
210.0,2.0,0.2,0.4,0.4,2.4670591997372764,3,0.8724649103632703,187.11337529428275,-18.388133657859274,-185.71463814474734,0.6977145159244584,1.891850146127161,-1.8220702959992758,1.2639905815659562,0.896879773449548,0.5319750757940779,0.6904292664756198,-0.32239573410746797
210.0,2.0,0.2,0.4,0.8,2.389597071048655,3,0.8724649103632703,187.11337529428275,-18.388133657859274,-185.71463814474734,0.620252387235837,3.034699479196196,-6.2614899748167785,1.2606637712143054,0.896879773449548,0.5319750757940779,0.6904292664756198,-0.32239573410746797
210.0,2.0,0.2,0.6,0.2,2.4692291260651222,3,0.8672501565645112,206.82687673043395,-22.68864865288525,-205.67745986126022,0.7105648526602466,1.3184075140888576,-0.3705462666399879,0.8361614070940617,0.8914141168403644,0.5932905488546926,0.6149543812555527,0.09443949536014737
210.0,2.0,0.2,0.6,0.4,2.472919993363816,3,0.8672501565645112,206.82687673043395,-22.68864865288525,-205.67745986126022,0.7142557199589404,1.54858630149343,-0.8908853119478639,0.8348559376668456,0.8914141168403644,0.5932905488546926,0.6149543812555527,0.09443949536014737
210.0,2.0,0.2,0.6,0.8,2.3949771789696115,3,0.8672501565645112,206.82687673043395,-22.68864865288525,-205.67745986126022,0.6363129055647359,2.571143247623124,-4.212510090133891,0.8322449988124139,0.8914141168403644,0.5932905488546926,0.6149543812555527,0.09443949536014737
210.0,2.0,0.2,0.8,0.2,2.437339567216558,3,0.8600444826550315,227.8067253392672,-27.738190645129176,-225.94610303115192,0.6971658529247641,1.1571184297017545,-0.05572300030620081,0.4869937671053636,0.8801292316367626,0.9546741605325341,0.003017209006312971,0.44221909954245237
210.0,2.0,0.2,0.8,0.4,2.4444909197462827,3,0.8600444826550315,227.8067253392672,-27.738190645129176,-225.94610303115192,0.7043172054544883,1.3635708420016344,-0.4660533464580501,0.48607240486815967,0.8801292316367626,0.9546741605325341,0.003017209006312971,0.44221909954245237
210.0,2.0,0.2,0.8,0.8,2.3696724601754875,3,0.8600444826550315,227.8067253392672,-27.738190645129176,-225.94610303115192,0.629498745883693,2.2882599086879636,-3.1286214547933877,0.48422968039375197,0.8801292316367626,0.9546741605325341,0.003017209006312971,0.44221909954245237
210.0,2.0,0.5,0.4,0.2,2.4520487597117766,3,0.86887354007838,184.21019777965284,-17.791163733905105,-182.6111061797498,0.6939883217626729,1.6931486748141031,-1.2603961134525332,1.3399363770321846,0.8891868978707234,0.5904123819164596,0.618681180759341,-0.39351758862010294
210.0,2.0,0.5,0.4,0.4,2.4470213460801498,3,0.86887354007838,184.21019777965284,-17.791163733905105,-182.6111061797498,0.6889609081310466,1.9634096131720327,-2.0395982647360533,1.3382104945691995,0.8891868978707234,0.5904123819164596,0.618681180759341,-0.39351758862010294
210.0,2.0,0.5,0.4,0.8,2.3712714286845573,3,0.86887354007838,184.21019777965284,-17.791163733905105,-182.6111061797498,0.6132109907354538,3.1273083129855666,-6.711444910646825,1.334758729643229,0.8891868978707234,0.5904123819164596,0.618681180759341,-0.39351758862010294
210.0,2.0,0.5,0.6,0.2,2.445587607032972,3,0.8631020923275473,199.30720323947037,-20.997449483298656,-198.14639573356436,0.7049035374966215,1.4174137807447462,-0.5841184914828323,0.9851891991679188,0.8775819772088033,0.5310788780572407,0.6914714314569033,-0.0516202681831702
210.0,2.0,0.5,0.6,0.4,2.4469693681050946,3,0.8631020923275473,199.30720323947037,-20.997449483298656,-198.14639573356436,0.706285298568744,1.6574164517525631,-1.165996011743156,0.9837201549434499,0.8775819772088033,0.5310788780572407,0.6914714314569033,-0.0516202681831702
210.0,2.0,0.5,0.6,0.8,2.369435363035157,3,0.8631020923275473,199.30720323947037,-20.997449483298656,-198.14639573356436,0.6287512934988062,2.7169147313143998,-4.8203135166875155,0.980782066494512,0.8775819772088033,0.5310788780572407,0.6914714314569033,-0.0516202681831702
210.0,2.0,0.5,0.8,0.2,2.41435517129905,3,0.8561415777585214,213.6171902070877,-24.269621428573902,-212.30303364971482,0.6973623066317561,1.2558438653657265,-0.24355689189115481,0.7057905626176731,0.8608512869087728,0.7447398242676436,0.3932825557282983,0.22259752867637847
210.0,2.0,0.5,0.8,0.4,2.42067763587983,3,0.8561415777585214,213.6171902070877,-24.269621428573902,-212.30303364971482,0.7036847712125356,1.475207474028259,-0.7159339618297076,0.7045584538709805,0.8608512869087728,0.7447398242676436,0.3932825557282983,0.22259752867637847
210.0,2.0,0.5,0.8,0.8,2.3456562934986342,3,0.8561415777585214,213.6171902070877,-24.269621428573902,-212.30303364971482,0.6286634288313404,2.4555770118657185,-3.7544630864699275,0.7020942363775947,0.8608512869087728,0.7447398242676436,0.3932825557282983,0.22259752867637847
210.0,2.0,0.8,0.4,0.2,2.43368823413513,3,0.8647160131321021,182.03197291633788,-17.349392534392248,-180.2488786224925,0.6870972292288091,1.7458597077943814,-1.403327999164243,1.398162633608945,0.881874991774219,0.6435039319644809,0.5470192611817114,-0.44902913021393503
210.0,2.0,0.8,0.4,0.4,2.428312406003993,3,0.8647160131321021,182.03197291633788,-17.349392534392248,-180.2488786224925,0.6817214010976722,2.021444688949101,-2.22194473653531,1.396392164491518,0.881874991774219,0.6435039319644809,0.5470192611817114,-0.44902913021393503
210.0,2.0,0.8,0.4,0.8,2.3541530379057707,3,0.8647160131321021,182.03197291633788,-17.349392534392248,-180.2488786224925,0.6075620329994496,3.202594919952487,-7.087203708199063,1.3928512262566641,0.881874991774219,0.6435039319644809,0.5470192611817114,-0.44902913021393503
210.0,2.0,0.8,0.6,0.2,2.4224170068166377,3,0.8571352923095137,194.54820380743507,-19.95949381705867,-193.2592275144428,0.6992774943593838,1.4944190312344197,-0.7609180333499308,1.0896588085636842,0.8660042201477401,0.5321440142659872,0.6902326154924813,-0.15311994144412558
210.0,2.0,0.8,0.6,0.4,2.422124978536414,3,0.8571352923095137,194.54820380743507,-19.95949381705867,-193.2592275144428,0.6989854660791598,1.7420933774421856,-1.3929698202833127,1.0880950000485916,0.8660042201477401,0.5321440142659872,0.6902326154924813,-0.15311994144412558
210.0,2.0,0.8,0.6,0.8,2.345409977757563,3,0.8571352923095137,194.54820380743507,-19.95949381705867,-193.2592275144428,0.622270465300309,2.8289684172296794,-5.31030803722963,1.0849673830184061,0.8660042201477401,0.5321440142659872,0.6902326154924813,-0.15311994144412558
210.0,2.0,0.8,0.8,0.2,2.39084051975742,3,0.8486861724821262,205.83228067091426,-22.46136690512454,-204.57664575146617,0.695708321928338,1.3367684402103988,-0.4089861668305874,0.8496448444871665,0.8464460253469561,0.6507177917848105,0.5368062522877104,0.08041827129987247
210.0,2.0,0.8,0.8,0.4,2.3954786639726358,3,0.8486861724821262,205.83228067091426,-22.46136690512454,-204.57664575146617,0.7003464661435531,1.56520698416871,-0.9316921549951422,0.8482612012236208,0.8464460253469561,0.6507177917848105,0.5368062522877104,0.08041827129987247
210.0,2.0,0.8,0.8,0.8,2.3202989005211676,3,0.8486861724821262,205.83228067091426,-22.46136690512454,-204.57664575146617,0.6251667026920853,2.5820615240732065,-4.256873594892658,0.8454939146965298,0.8464460253469561,0.6507177917848105,0.5368062522877104,0.08041827129987247
210.0,4.0,0.2,0.4,0.2,2.455840373227929,3,0.8786379374915896,173.25435653628836,-15.622435898010778,-171.1974831722142,0.6779242096839487,1.6573939424616395,-1.1659371795730689,1.214413088745553,0.8992782260523905,0.5157417125517832,0.7090342691010485,-0.2997782692831282
210.0,4.0,0.2,0.4,0.4,2.463624007187038,3,0.8786379374915896,173.25435653628836,-15.622435898010778,-171.1974831722142,0.685707843643058,1.9228260538262314,-1.9152402933465766,1.2123838904488815,0.8992782260523905,0.5157417125517832,0.7090342691010485,-0.2997782692831282
210.0,4.0,0.2,0.4,0.8,2.395024829760426,3,0.8786379374915896,173.25435653628836,-15.622435898010778,-171.1974831722142,0.617108666216446,3.067230851382246,-6.418007866382615,1.2083254938555386,0.8992782260523905,0.5157417125517832,0.7090342691010485,-0.2997782692831282
210.0,4.0,0.2,0.6,0.2,2.4516888435399267,3,0.8824855286765858,187.73625509808565,-18.517430427800694,-186.6297098682124,0.6733963853748302,1.4068017193403117,-0.560486955616309,0.7679651367838104,0.8958069294885107,0.6278000089477247,0.5688583682196525,0.14524787448784302
210.0,4.0,0.2,0.6,0.4,2.465390278158562,3,0.8824855286765858,187.73625509808565,-18.517430427800694,-186.6297098682124,0.6870978199934653,1.6442750992674076,-1.131784605614412,0.7661505934021546,0.8958069294885107,0.6278000089477247,0.5688583682196525,0.14524787448784302
210.0,4.0,0.2,0.6,0.8,2.399217785885525,3,0.8824855286765858,187.73625509808565,-18.517430427800694,-186.6297098682124,0.6209253277204282,2.6760019608068832,-4.646342475307454,0.7625215066388429,0.8958069294885107,0.6278000089477247,0.5688583682196525,0.14524787448784302
210.0,4.0,0.2,0.8,0.2,2.4191565211997554,3,0.8754920500888844,208.39886482588292,-23.050108334119866,-206.96305011331083,0.6561143401607292,1.283616506288119,-0.29916690289152537,0.4005272766172596,0.8875501309501419,1.0436108700268871,-0.19139154565446836,0.525404029883988
210.0,4.0,0.2,0.8,0.4,2.4303648158165028,3,0.8754920500888844,208.39886482588292,-23.050108334119866,-206.96305011331083,0.6673226347774764,1.5009294826116495,-0.7762943679909498,0.39914506854987647,0.8875501309501419,1.0436108700268871,-0.19139154565446836,0.525404029883988
210.0,4.0,0.2,0.8,0.8,2.364589697450451,3,0.8754920500888844,208.39886482588292,-23.050108334119866,-206.96305011331083,0.6015475164114246,2.43483991565049,-3.674500250111466,0.39638065241511006,0.8875501309501419,1.0436108700268871,-0.19139154565446836,0.525404029883988
210.0,4.0,0.5,0.4,0.2,2.442779441264544,3,0.8730940279637317,172.01073889682698,-15.384661063508808,-169.75668420760792,0.674653615366439,1.6930082264441455,-1.2600211247854038,1.2641258111346987,0.8950317979343734,0.5507459404785431,0.6681972850082648,-0.34836559360361
210.0,4.0,0.5,0.4,0.4,2.4497536606186907,3,0.8730940279637317,172.01073889682698,-15.384661063508808,-169.75668420760792,0.6816278347205856,1.9616683824568393,-2.0342093790334035,1.2620777754745423,0.8950317979343734,0.5507459404785431,0.6681972850082648,-0.34836559360361
210.0,4.0,0.5,0.4,0.8,2.3816107295638544,3,0.8730940279637317,172.01073889682698,-15.384661063508808,-169.75668420760792,0.6134849036657494,3.1177801161121454,-6.664526458504608,1.2579817041542296,0.8950317979343734,0.5507459404785431,0.6681972850082648,-0.34836559360361
210.0,4.0,0.5,0.6,0.2,2.4342490905323766,3,0.8752961568360098,183.32004900443263,-17.609995511189894,-181.9863670907954,0.6717326848863959,1.4558344372658882,-0.6711611785522347,0.8736570967702987,0.8872202488099707,0.5562067942648302,0.6615847657171132,0.03660626981828098
210.0,4.0,0.5,0.6,0.4,2.447537221945452,3,0.8752961568360098,183.32004900443263,-17.609995511189894,-181.9863670907954,0.6850208162994716,1.6980760394944736,-1.2735715688931015,0.8717600206659344,0.8872202488099707,0.5562067942648302,0.6615847657171132,0.03660626981828098
210.0,4.0,0.5,0.6,0.8,2.381447643300948,3,0.8752961568360098,183.32004900443263,-17.609995511189894,-181.9863670907954,0.6189312376549675,2.752262310285692,-4.972745470861339,0.867965868457206,0.8872202488099707,0.5562067942648302,0.6615847657171132,0.03660626981828098
210.0,4.0,0.5,0.8,0.2,2.403399978949322,3,0.8735205295311215,196.49384372959517,-20.380814002014912,-195.38040422120824,0.6560006313584563,1.3399767532702662,-0.4157575615806026,0.5670566884381563,0.8738788180597441,0.8532588358439664,0.20358594729488366,0.3499802900387347
210.0,4.0,0.5,0.8,0.4,2.417537969161666,3,0.8735205295311215,196.49384372959517,-20.380814002014912,-195.38040422120824,0.6701386215708006,1.564438204033177,-0.9297950489027131,0.5653621000433122,0.8738788180597441,0.8532588358439664,0.20358594729488366,0.3499802900387347
210.0,4.0,0.5,0.8,0.8,2.3539919973637415,3,0.8735205295311215,196.49384372959517,-20.380814002014912,-195.38040422120824,0.6065926497728761,2.5379456085504093,-4.078775110263236,0.5619729232536244,0.8738788180597441,0.8532588358439664,0.20358594729488366,0.3499802900387347
210.0,4.0,0.8,0.4,0.2,2.43024720845353,3,0.8677866858316529,171.0216660119168,-15.196777069794877,-168.59969244087335,0.6716892534176482,1.7240634278580111,-1.343693634946673,1.3058725536010627,0.8907712692042291,0.5850507433356378,0.6255753806506029,-0.3888358073781884
210.0,4.0,0.8,0.4,0.4,2.436552167660325,3,0.8677866858316529,171.0216660119168,-15.196777069794877,-168.59969244087335,0.6779942126244429,1.9956313131307462,-2.1401831679519265,1.3038098340438797,0.8907712692042291,0.5850507433356378,0.6255753806506029,-0.3888358073781884
210.0,4.0,0.8,0.4,0.8,2.368872735319507,3,0.8677866858316529,171.0216660119168,-15.196777069794877,-168.59969244087335,0.6103147802836254,3.1620095544491478,-6.883529872148064,1.2996843949295152,0.8907712692042291,0.5850507433356378,0.6255753806506029,-0.3888358073781884
210.0,4.0,0.8,0.6,0.2,2.41746110081771,3,0.8674436448406917,180.4949054526824,-17.04081842792352,-178.93653635957983,0.6704111316301484,1.4964592991572234,-0.7657295313502774,0.952980409865967,0.8796063243468701,0.5280203329732229,0.6950149022465919,-0.04386546420942245
210.0,4.0,0.8,0.6,0.4,2.4300416781251712,3,0.8674436448406917,180.4949054526824,-17.04081842792352,-178.93653635957983,0.6829917089376095,1.7426041888341335,-1.3943733448801376,0.9510365623265661,0.8796063243468701,0.5280203329732229,0.6950149022465919,-0.04386546420942245
210.0,4.0,0.8,0.6,0.8,2.3639078810275898,3,0.8674436448406917,180.4949054526824,-17.04081842792352,-178.93653635957983,0.6168579118400279,2.8140250489565473,-5.243818638004869,0.9471488672477641,0.8796063243468701,0.5280203329732229,0.6950149022465919,-0.04386546420942245
210.0,4.0,0.8,0.8,0.2,2.384834404190631,3,0.8643999512339442,190.5428439806355,-19.105349414205268,-189.32904805001743,0.6569195348287477,1.3774891596281145,-0.4961348574708704,0.6799000075826437,0.8635149181279391,0.745634149901205,0.39182451967547105,0.23194315014832526
210.0,4.0,0.8,0.8,0.4,2.399732105378013,3,0.8643999512339442,190.5428439806355,-19.105349414205268,-189.32904805001743,0.6718172360161296,1.6067699139013407,-1.035643599929208,0.6780922279937138,0.8635149181279391,0.745634149901205,0.39182451967547105,0.23194315014832526
210.0,4.0,0.8,0.8,0.8,2.3365496689761893,3,0.8643999512339442,190.5428439806355,-19.105349414205268,-189.32904805001743,0.608634799614306,2.605760751892312,-4.353815968096453,0.6744766688158543,0.8635149181279391,0.745634149901205,0.39182451967547105,0.23194315014832526
210.0,8.0,0.2,0.4,0.2,2.410772220390718,3,0.8560762469720511,165.2241107080323,-14.1172635707513,-162.30470664731502,0.6540544061397348,1.6764453132161254,-1.2160172864112129,1.15793287818871,0.9006415672789319,0.5063905343429315,0.7194899121809981,-0.28541181524053383
210.0,8.0,0.2,0.4,0.4,2.427198675004907,3,0.8560762469720511,165.2241107080323,-14.1172635707513,-162.30470664731502,0.6704808607539238,1.9437554819707707,-1.9790488464420046,1.1557721503979417,0.9006415672789319,0.5063905343429315,0.7194899121809981,-0.28541181524053383
210.0,8.0,0.2,0.4,0.8,2.3670702500374023,3,0.8560762469720511,165.2241107080323,-14.1172635707513,-162.30470664731502,0.6103524357864195,3.0909749631287413,-6.5333012775531305,1.1514506948164058,0.9006415672789319,0.5063905343429315,0.7194899121809981,-0.28541181524053383
210.0,8.0,0.2,0.6,0.2,2.4161349226453543,3,0.8764909354868924,175.3509577953083,-16.027175951504947,-173.84249524630377,0.641446115666651,1.4808948816809824,-0.7291904408051375,0.7110226214603393,0.8981978714918109,0.6545102851507094,0.5313913756972792,0.17849717894308353
210.0,8.0,0.2,0.6,0.4,2.4356483597363,3,0.8764909354868924,175.3509577953083,-16.027175951504947,-173.84249524630377,0.6609595527575965,1.7250518449054422,-1.3463817156183402,0.7089521178887445,0.8981978714918109,0.6545102851507094,0.5313913756972792,0.17849717894308353
210.0,8.0,0.2,0.6,0.8,2.3786555344934324,3,0.8764909354868924,175.3509577953083,-16.027175951504947,-173.84249524630377,0.6039667275147291,2.7690070444933843,-5.045642789621367,0.7048111107455548,0.8981978714918109,0.6545102851507094,0.5313913756972792,0.17849717894308353
210.0,8.0,0.2,0.8,0.2,2.393618006250203,3,0.8783246490202211,195.44725843297266,-20.153659275569755,-194.19496108588945,0.6243250976992128,1.3800515441392347,-0.5017062094174032,0.34107570372858653,0.8909682595307691,1.103383794624588,-0.33177398897168864,0.5770759536687142
210.0,8.0,0.2,0.8,0.4,2.40715950240127,3,0.8783246490202211,195.44725843297266,-20.153659275569755,-194.19496108588945,0.6378665938502796,1.6054477270398895,-1.0322947771747422,0.3393885971049878,0.8909682595307691,1.103383794624588,-0.33177398897168864,0.5770759536687142
210.0,8.0,0.2,0.8,0.8,2.3479446558153496,3,0.8783246490202211,195.44725843297266,-20.153659275569755,-194.19496108588945,0.5786517472643598,2.5527810634600243,-4.138324183858692,0.33601438385779075,0.8909682595307691,1.103383794624588,-0.33177398897168864,0.5770759536687142
210.0,8.0,0.5,0.4,0.2,2.4027438928177256,3,0.851268742811216,164.70192899221985,-14.021860007858221,-161.6432690491485,0.6530909074247249,1.6944497416031477,-1.2638713620299864,1.1895041577419514,0.8983842425817846,0.5268147229835966,0.6964060354562689,-0.317692857086533
210.0,8.0,0.5,0.4,0.4,2.41866978978994,3,0.851268742811216,164.70192899221985,-14.021860007858221,-161.6432690491485,0.6690168043969394,1.9631588091261059,-2.0388217636461534,1.187339708068269,0.8983842425817846,0.5268147229835966,0.6964060354562689,-0.317692857086533
210.0,8.0,0.5,0.4,0.8,2.358536012589737,3,0.851268742811216,164.70192899221985,-14.021860007858221,-161.6432690491485,0.6088830271967366,3.1162788785255713,-6.657147166450774,1.1830108087209055,0.8983842425817846,0.5268147229835966,0.6964060354562689,-0.317692857086533
210.0,8.0,0.5,0.6,0.2,2.4029587057086306,3,0.8692907467783216,172.76437351441942,-15.528548570156381,-170.95458901070435,0.6409847161986437,1.5029133366276974,-0.7809931064995885,0.7824528521681547,0.8926832427316652,0.5913817927117143,0.617427961609331,0.09991159786267056
210.0,8.0,0.5,0.6,0.4,2.4229934535099193,3,0.8692907467783216,172.76437351441942,-15.528548570156381,-170.95458901070435,0.6610194639999323,1.7493035677806916,-1.4128188973997542,0.7803581425975308,0.8926832427316652,0.5913817927117143,0.617427961609331,0.09991159786267056
210.0,8.0,0.5,0.6,0.8,2.3663523620223597,3,0.8692907467783216,172.76437351441942,-15.528548570156381,-170.95458901070435,0.6043783725123726,2.806690474452699,-5.2113128355635965,0.7761687234562833,0.8926832427316652,0.5913817927117143,0.617427961609331,0.09991159786267056
210.0,8.0,0.5,0.8,0.2,2.3832963296361425,3,0.88047813978279,184.8418471316491,-17.920252963836084,-183.7323496480933,0.6222679590795503,1.425346498577381,-0.6018995088891077,0.4669445912459561,0.8805502307738021,0.9450197447636645,0.023079796939395658,0.4396827419907698
210.0,8.0,0.5,0.8,0.4,2.400627116321525,3,0.88047813978279,184.8418471316491,-17.920252963836084,-183.7323496480933,0.6395987457649329,1.6557384978062515,-1.1616125608448522,0.4649883127769409,0.8805502307738021,0.9450197447636645,0.023079796939395658,0.4396827419907698
210.0,8.0,0.5,0.8,0.8,2.3448495700488676,3,0.88047813978279,184.8418471316491,-17.920252963836084,-183.7323496480933,0.5838211994922753,2.6328707780959277,-4.465796403476482,0.46107575583891075,0.8805502307738021,0.9450197447636645,0.023079796939395658,0.4396827419907698
210.0,8.0,0.8,0.4,0.2,2.394843454725933,3,0.8466714868371034,164.26611982427625,-13.942468066818753,-161.08864801339163,0.652215243612164,1.7109140851951194,-1.3080795079453678,1.2174007340584359,0.895956724276666,0.5478154206853061,0.6717189359291146,-0.3459043761318001
210.0,8.0,0.8,0.4,0.4,2.410287869891185,3,0.8466714868371034,164.26611982427625,-13.942468066818753,-161.08864801339163,0.6676596587774156,1.9809593292201384,-2.094179327338706,1.215233056248857,0.895956724276666,0.5478154206853061,0.6717189359291146,-0.3459043761318001
210.0,8.0,0.8,0.4,0.8,2.3501500804570776,3,0.8466714868371034,164.26611982427625,-13.942468066818753,-161.08864801339163,0.6075218693433083,3.1395016369888147,-6.771695735959086,1.2108977006297,0.895956724276666,0.5478154206853061,0.6717189359291146,-0.3459043761318001
210.0,8.0,0.8,0.6,0.2,2.3900756769316978,3,0.8614277981453726,171.09994404824442,-15.211607261624984,-169.0425429816683,0.6410812167110707,1.5214172337759477,-0.8251183207396517,0.8382755064556031,0.8875666620752544,0.5552021967348072,0.6628061247194186,0.038990075254824445
210.0,8.0,0.8,0.6,0.4,2.4102353637040377,3,0.8614277981453726,171.09994404824442,-15.211607261624984,-169.0425429816683,0.6612409034834108,1.7695550062914809,-1.469007994309865,0.8361669948562973,0.8875666620752544,0.5552021967348072,0.6628061247194186,0.038990075254824445
210.0,8.0,0.8,0.6,0.8,2.353635400476913,3,0.8614277981453726,171.09994404824442,-15.211607261624984,-169.0425429816683,0.604640940256286,2.8371765190054337,-5.346979207862835,0.831949971657686,0.8875666620752544,0.5552021967348072,0.6628061247194186,0.038990075254824445
210.0,8.0,0.8,0.8,0.2,2.3662209370346625,3,0.8708387212601431,179.97872827782905,-16.937780138596082,-178.6443563564654,0.6226214213290018,1.443083522130275,-0.6420156697105637,0.5501668417967064,0.8727607944455176,0.8484276179719695,0.2125791315376524,0.3466969153368054
210.0,8.0,0.8,0.8,0.4,2.385346941624392,3,0.8708387212601431,179.97872827782905,-16.937780138596082,-178.6443563564654,0.641747425918731,1.6763636009297043,-1.215801268119594,0.5481445487750973,0.8727607944455176,0.8484276179719695,0.2125791315376524,0.3466969153368054
210.0,8.0,0.8,0.8,0.8,2.330797014809999,3,0.8708387212601431,179.97872827782905,-16.937780138596082,-178.6443563564654,0.5871974991043383,2.671630460432065,-4.627909882492246,0.5440999627318795,0.8727607944455176,0.8484276179719695,0.2125791315376524,0.3466969153368054
420.0,2.0,0.2,0.4,0.2,2.4214951802868887,3,0.8151039895206912,26.36271104246307,0.6151367190241501,-8.059601210728466,0.7081660065427974,1.5782030133199565,-0.9639032930173008,1.2745706811182682,0.8982251842234003,0.5225354287628207,0.7013181660324126,-0.30910248280903113
420.0,2.0,0.2,0.4,0.4,2.405361017447047,3,0.8151039895206912,26.36271104246307,0.6151367190241501,-8.059601210728466,0.6920318437029557,1.8330040595169121,-1.649239461392754,1.2732253295595461,0.8982251842234003,0.5225354287628207,0.7013181660324126,-0.30910248280903113
420.0,2.0,0.2,0.4,0.8,2.3248372768735823,3,0.8151039895206912,26.36271104246307,0.6151367190241501,-8.059601210728466,0.6115081031294909,2.954921978431932,-5.884721840528537,1.2705346264421022,0.8982251842234003,0.5225354287628207,0.7013181660324126,-0.30910248280903113
420.0,2.0,0.2,0.6,0.2,2.441633380151448,3,0.8034403059931385,57.96833346350118,-0.860835441347573,-45.56670726359389,0.7430748578186167,1.1688011479768357,-0.07714859869382562,0.8199001108824272,0.895118216339693,0.6220551094897361,0.576712884270768,0.13212547721085813
420.0,2.0,0.2,0.6,0.4,2.428652399096568,3,0.8034403059931385,57.96833346350118,-0.860835441347573,-45.56670726359389,0.7300938767637364,1.371848333656903,-0.48390658470145453,0.8190311461724964,0.895118216339693,0.6220551094897361,0.576712884270768,0.13212547721085813
420.0,2.0,0.2,0.6,0.8,2.339523601534209,3,0.8034403059931385,57.96833346350118,-0.860835441347573,-45.56670726359389,0.6409650792013776,2.338411427918511,-3.311577643731277,0.817293216752635,0.895118216339693,0.6220551094897361,0.576712884270768,0.13212547721085813
420.0,2.0,0.2,0.8,0.2,2.430842632600862,3,0.7909648329251672,99.67447290954496,-4.501666167245198,-84.84195394079508,0.7496473005653813,0.8957024215570019,0.3674106755412956,0.41366118540086194,0.8902304991103136,1.0530243874349698,-0.21298152072050813,0.5298828021336276
420.0,2.0,0.2,0.8,0.4,2.4254591461238397,3,0.7909648329251672,99.67447290954496,-4.501666167245198,-84.84195394079508,0.744263814088359,1.0485803327651102,0.13304256104819845,0.4132545182941235,0.8902304991103136,1.0530243874349698,-0.21298152072050813,0.5298828021336276
420.0,2.0,0.2,0.8,0.8,2.3361701272271747,3,0.7909648329251672,99.67447290954496,-4.501666167245198,-84.84195394079508,0.6549747951916942,1.8685097642376978,-1.7528662106008688,0.41244118408064684,0.8902304991103136,1.0530243874349698,-0.21298152072050813,0.5298828021336276
420.0,2.0,0.5,0.4,0.2,2.4137268402978673,3,0.8212572085993948,24.53169869285893,0.6667412332708148,-3.327047403787642,0.7001019468292825,1.6401031245439741,-1.1209804907106866,1.3366795798287945,0.8923676848691899,0.5681535832499133,0.6468909681792498,-0.3688794581822926
420.0,2.0,0.5,0.4,0.4,2.3980359478809,3,0.8212572085993948,24.53169869285893,0.6667412332708148,-3.327047403787642,0.6844110544123154,1.9020295989643627,-1.852521351953024,1.3352532701690942,0.8923676848691899,0.5681535832499133,0.6468909681792498,-0.3688794581822926
420.0,2.0,0.5,0.4,0.8,2.319537220814861,3,0.8212572085993948,24.53169869285893,0.6667412332708148,-3.327047403787642,0.6059123273462762,3.0452650152467293,-6.312140848520677,1.332400650849694,0.8923676848691899,0.5681535832499133,0.6468909681792498,-0.3688794581822926
420.0,2.0,0.5,0.6,0.2,2.434163104104692,3,0.8155678684333314,45.7616246659499,-0.15965607784915314,-34.072549897123835,0.7338195375391852,1.2814027983682985,-0.29468971501955754,0.9516970167982495,0.8847756981321754,0.5483142804587617,0.6711207753930216,0.004339532996353922
420.0,2.0,0.5,0.6,0.4,2.4193837818014177,3,0.8155678684333314,45.7616246659499,-0.15965607784915314,-34.072549897123835,0.7190402152359108,1.4994023571174278,-0.7726816140783568,0.9506390996244882,0.8847756981321754,0.5483142804587617,0.6711207753930216,0.004339532996353922
420.0,2.0,0.5,0.6,0.8,2.332000270415872,3,0.8155678684333314,45.7616246659499,-0.15965607784915314,-34.072549897123835,0.6316567038503652,2.509290527170394,-3.9647370998353697,0.9485232652769655,0.8847756981321754,0.5483142804587617,0.6711207753930216,0.004339532996353922
420.0,2.0,0.5,0.8,0.2,2.430993728447209,3,0.8107380691384348,75.36557424019094,-2.145374518705032,-63.166814628186266,0.7457777599524023,1.0287985423148611,0.16544484845153296,0.6279128654172823,0.8744778993563722,0.8327967347392489,0.24132573359101694,0.3206144620164019
420.0,2.0,0.5,0.8,0.4,2.421378785082548,3,0.8107380691384348,75.36557424019094,-2.145374518705032,-63.166814628186266,0.7361628165877412,1.2092697942741826,-0.1530304373124407,0.627175926523547,0.8744778993563722,0.8327967347392489,0.24132573359101694,0.3206144620164019
420.0,2.0,0.5,0.8,0.8,2.331578230839173,3,0.8107380691384348,75.36557424019094,-2.145374518705032,-63.166814628186266,0.646362262344366,2.1070212131373225,-2.500516893463047,0.625702048736077,0.8744778993563722,0.8327967347392489,0.24132573359101694,0.3206144620164019
420.0,2.0,0.8,0.4,0.2,2.4047622794774437,3,0.8252453412570678,24.01986179251195,0.6805025859363785,0.500915554793633,0.6930043285028014,1.6918023576817145,-1.2568028080971314,1.3877972663728682,0.8865126097175743,0.6121629037807681,0.5900684517376991,-0.4180662787850381
420.0,2.0,0.8,0.4,0.4,2.389655636729627,3,0.8252453412570678,24.01986179251195,0.6805025859363785,0.500915554793633,0.6778976857549849,1.9596442151692672,-2.0279508506178723,1.3863084159579921,0.8865126097175743,0.6121629037807681,0.5900684517376991,-0.4180662787850381
420.0,2.0,0.8,0.4,0.8,2.3129840575845253,3,0.8252453412570678,24.01986179251195,0.6805025859363785,0.500915554793633,0.6012261066098832,3.1206806787476062,-6.678794161496393,1.3833307151282397,0.8865126097175743,0.6121629037807681,0.5900684517376991,-0.4180662787850381
420.0,2.0,0.8,0.6,0.2,2.421828772202116,3,0.8218008412996387,37.759109495851696,0.21046783804630131,-25.865836155296677,0.7249041389511613,1.3702706880692126,-0.4804955187968807,1.049906706381883,0.8751237919513157,0.5279052178327387,0.6951478690023869,-0.09080572553461755
420.0,2.0,0.8,0.6,0.4,2.4062968857177935,3,0.8218008412996387,37.759109495851696,0.21046783804630131,-25.865836155296677,0.7093722524668391,1.5993128246279478,-1.016792424715042,1.0487221501307646,0.8751237919513157,0.5279052178327387,0.6951478690023869,-0.09080572553461755
420.0,2.0,0.8,0.6,0.8,2.3209163374877786,3,0.8218008412996387,37.759109495851696,0.21046783804630131,-25.865836155296677,0.6239917042368245,2.64171147237005,-4.502564301545587,1.046353037628528,0.8751237919513157,0.5279052178327387,0.6951478690023869,-0.09080572553461755
420.0,2.0,0.8,0.8,0.2,2.4186954400516996,3,0.8187946010455588,60.572515412906625,-1.0317840995341445,-49.56040151990625,0.7387381992568703,1.1392753824145971,-0.023415023962819914,0.7739598027645311,0.8611626397492702,0.7127197268517707,0.4443326426014328,0.17820342825753532
420.0,2.0,0.8,0.8,0.4,2.4066363722480846,3,0.8187946010455588,60.572515412906625,-1.0317840995341445,-49.56040151990625,0.7266791314532554,1.3368391802900101,-0.4091352942753519,0.7730279854946001,0.8611626397492702,0.7127197268517707,0.4443326426014328,0.17820342825753532
420.0,2.0,0.8,0.8,0.8,2.317855841458353,3,0.8187946010455588,60.572515412906625,-1.0317840995341445,-49.56040151990625,0.6378986006635241,2.283973534275286,-3.1131684527684227,0.7711643509547379,0.8611626397492702,0.7127197268517707,0.4443326426014328,0.17820342825753532
420.0,4.0,0.2,0.4,0.2,2.476753663088525,3,0.8692310051634373,30.07004523509033,0.4992805034475353,20.49894328862389,0.7079212885948101,1.5950828597669227,-1.0061382495698927,1.241019399276762,0.8996013693302773,0.5114913494666204,0.7138103573851897,-0.2921011993621251
420.0,4.0,0.2,0.4,0.4,2.470475054052799,3,0.8692310051634373,30.07004523509033,0.4992805034475353,20.49894328862389,0.7016426795590844,1.8558443992306215,-1.715673053440001,1.239454263019289,0.8996013693302773,0.5114913494666204,0.7138103573851897,-0.2921011993621251
420.0,4.0,0.2,0.4,0.8,2.3910895164652457,3,0.8692310051634373,30.07004523509033,0.4992805034475353,20.49894328862389,0.6222571419715308,2.988943069148771,-6.044167071969518,1.2363239905043435,0.8996013693302773,0.5114913494666204,0.7138103573851897,-0.2921011993621251
420.0,4.0,0.2,0.6,0.2,2.4748941275302982,3,0.8543884180916335,26.503833476771803,0.6110052612046692,-6.147563323573348,0.7230660333345725,1.2338275928562081,-0.2003373464897551,0.7688393378376228,0.897439676104092,0.6514400575541246,0.5357774356194593,0.17053661241668336
420.0,4.0,0.2,0.6,0.4,2.475265079706499,3,0.8543884180916335,26.503833476771803,0.6110052612046692,-6.147563323573348,0.7234369855107733,1.4549517909168548,-0.6691354026416327,0.7678349480110024,0.897439676104092,0.6514400575541246,0.5357774356194593,0.17053661241668336
420.0,4.0,0.2,0.6,0.8,2.39330489091823,3,0.8543884180916335,26.503833476771803,0.6110052612046692,-6.147563323573348,0.6414767967225043,2.450189272979184,-3.7336226046322922,0.7658261683577616,0.897439676104092,0.6514400575541246,0.5357774356194593,0.17053661241668336
420.0,4.0,0.2,0.8,0.2,2.4359835536722945,3,0.8272417721821075,58.99351495783988,-0.927235936849534,-39.307673206223846,0.714885498040928,1.0050805183892724,0.20348112442862876,0.33959377949591996,0.8938562834492588,1.1292601558823694,-0.3949715039364383,0.5973564325973673
420.0,4.0,0.2,0.8,0.4,2.4383624395063173,3,0.8272417721821075,58.99351495783988,-0.927235936849534,-39.307673206223846,0.7172643838749512,1.1887652970395959,-0.1142601498783864,0.3393766569035518,0.8938562834492588,1.1292601558823694,-0.3949715039364383,0.5973564325973673
420.0,4.0,0.2,0.8,0.8,2.3573004464683636,3,0.8272417721821075,58.99351495783988,-0.927235936849534,-39.307673206223846,0.6362023908369971,2.0466930203147604,-2.302933112234238,0.33894241171881545,0.8938562834492588,1.1292601558823694,-0.3949715039364383,0.5973564325973673
420.0,4.0,0.5,0.4,0.2,2.4685444083739934,3,0.8693071622764275,31.923001821865753,0.4356691601966346,22.56962218129011,0.7032773562421083,1.6331145930214719,-1.1029438695473552,1.2833146766267176,0.8959598898554576,0.5397107330728674,0.681360629306967,-0.3330537498093123
420.0,4.0,0.5,0.4,0.4,2.4619673668409803,3,0.8693071622764275,31.923001821865753,0.4356691601966346,22.56962218129011,0.696700314709095,1.8976277909550499,-1.839333626515515,1.281701143514998,0.8959598898554576,0.5397107330728674,0.681360629306967,-0.3330537498093123
420.0,4.0,0.5,0.4,0.8,2.3836067462066546,3,0.8693071622764275,31.923001821865753,0.4356691601966346,22.56962218129011,0.6183396940747694,3.04294394364323,-6.300998610028392,1.2784740772915588,0.8959598898554576,0.5397107330728674,0.681360629306967,-0.3330537498093123
420.0,4.0,0.5,0.6,0.2,2.4693458871691654,3,0.8598252958070293,23.166570284795146,0.702799301958154,0.010826077099727181,0.718875460235217,1.301760182015408,-0.3361534224276881,0.8636219027787417,0.8906451311269192,0.5822561577107339,0.6291438321613495,0.07703219573486439
420.0,4.0,0.5,0.6,0.4,2.4688319752586168,3,0.8598252958070293,23.166570284795146,0.702799301958154,0.010826077099727181,0.7183615483246685,1.530021172643388,-0.845819557189899,0.862446935213489,0.8906451311269192,0.5822561577107339,0.6291438321613495,0.07703219573486439
420.0,4.0,0.5,0.6,0.8,2.387494775510883,3,0.8598252958070293,23.166570284795146,0.702799301958154,0.010826077099727181,0.6370243485769345,2.5507996978817133,-4.130350959822714,0.860097000082984,0.8906451311269192,0.5822561577107339,0.6291438321613495,0.07703219573486439
420.0,4.0,0.5,0.8,0.2,2.442947584302276,3,0.846267771971999,42.10557025596365,0.018239745403217933,-24.841000546461572,0.7139778420578285,1.0902047405803588,0.06284701217563171,0.504547014038414,0.8827019702724483,0.9429579941435128,0.02733784274581441,0.4335271837889243
420.0,4.0,0.5,0.8,0.4,2.445942717111498,3,0.846267771971999,42.10557025596365,0.018239745403217933,-24.841000546461572,0.7169729748670504,1.2889577672243822,-0.3100013331691074,0.5038931035736641,0.8827019702724483,0.9429579941435128,0.02733784274581441,0.4335271837889243
420.0,4.0,0.5,0.8,0.8,2.365763712640124,3,0.846267771971999,42.10557025596365,0.018239745403217933,-24.841000546461572,0.6367939703956764,2.2005778097025748,-2.8182804196091036,0.5025852826441644,0.8827019702724483,0.9429579941435128,0.02733784274581441,0.4335271837889243
420.0,4.0,0.8,0.4,0.2,2.4599935034540357,3,0.8686779121469785,33.602972016635206,0.3747096596777738,24.322120101306332,0.6990071122419556,1.6666478506552955,-1.1901913276093024,1.3200563574871798,0.8923084790651016,0.5681607974086601,0.6468820008828767,-0.36857386572469
420.0,4.0,0.8,0.4,0.4,2.45323052186499,3,0.8686779121469785,33.602972016635206,0.3747096596777738,24.322120101306332,0.6922441306529097,1.934504499579688,-1.9507597461706663,1.318403965964944,0.8923084790651016,0.5681607974086601,0.6468820008828767,-0.36857386572469
420.0,4.0,0.8,0.4,0.8,2.3758492846773556,3,0.8686779121469785,33.602972016635206,0.3747096596777738,24.322120101306332,0.6148628934652755,3.090654124659074,-6.531737468435798,1.3150991829204726,0.8923084790651016,0.5681607974086601,0.6468820008828767,-0.36857386572469
420.0,4.0,0.8,0.6,0.2,2.460363391843276,3,0.8613101233528708,22.509516209170187,0.7194187401712968,4.588444901120905,0.7148455884528844,1.3581242285233253,-0.454364803293666,0.9388829214757759,0.884207680037521,0.545195331514075,0.6748516288986371,0.002975426114353173
420.0,4.0,0.8,0.6,0.4,2.459019266597119,3,0.8613101233528708,22.509516209170187,0.7194187401712968,4.588444901120905,0.7135014632067274,1.5921684716162168,-0.9988140854818828,0.9375941289283725,0.884207680037521,0.545195331514075,0.6748516288986371,0.002975426114353173
420.0,4.0,0.8,0.6,0.8,2.37832401854795,3,0.8613101233528708,22.509516209170187,0.7194187401712968,4.588444901120905,0.632806215157558,2.6333032952094864,-4.467592347798257,0.9350165438335651,0.884207680037521,0.545195331514075,0.6748516288986371,0.002975426114353173
420.0,4.0,0.8,0.8,0.2,2.437406655914468,3,0.8523592717470605,32.74418122434805,0.40626232215468727,-15.671250726276877,0.7119044544667125,1.158410169989276,-0.05808141252413712,0.6229347808570616,0.873142929700695,0.8233106211163373,0.25851091553164574,0.31572753146025945
420.0,4.0,0.8,0.8,0.4,2.4402358415067997,3,0.8523592717470605,32.74418122434805,0.40626232215468727,-15.671250726276877,0.7147336400590444,1.3665402031028964,-0.4724453600349803,0.6220377122964306,0.873142929700695,0.8233106211163373,0.25851091553164574,0.31572753146025945
420.0,4.0,0.8,0.8,0.8,2.360602912982789,3,0.8523592717470605,32.74418122434805,0.40626232215468727,-15.671250726276877,0.6351007115350337,2.3129265262346297,-3.2181113073935634,0.6202435751751693,0.873142929700695,0.8233106211163373,0.25851091553164574,0.31572753146025945
420.0,8.0,0.2,0.4,0.2,2.4643281326019095,3,0.8823458302231502,45.3237888955628,-0.1375716367259714,37.36782982276006,0.6813020081977913,1.6414530069951614,-1.1244732620171543,1.2007664966584464,0.900680294180968,0.5042200577755341,0.7218893874232769,-0.2805757389299661
420.0,8.0,0.2,0.4,0.4,2.471380290149649,3,0.8823458302231502,45.3237888955628,-0.1375716367259714,37.36782982276006,0.6883541657455311,1.9054367145411804,-1.862749977909246,1.1987622206884863,0.900680294180968,0.5042200577755341,0.7218893874232769,-0.2805757389299661
420.0,8.0,0.2,0.4,0.8,2.4017497293504992,3,0.8823458302231502,45.3237888955628,-0.1375716367259714,37.36782982276006,0.6187236049463812,3.044886374553053,-6.310322614676168,1.1947536687485665,0.900680294180968,0.5042200577755341,0.7218893874232769,-0.2805757389299661
420.0,8.0,0.2,0.6,0.2,2.461399007439684,3,0.8823682363126792,27.19400316485036,0.590482347936802,18.422479540214454,0.6798515409352237,1.3657107679692897,-0.47065847184579357,0.7249170456780478,0.8991792301917813,0.6728209979014009,0.5048048305337608,0.19636957281785528
420.0,8.0,0.2,0.6,0.4,2.4737247170512995,3,0.8823682363126792,27.19400316485036,0.590482347936802,18.422479540214454,0.6921772505468391,1.5991713230119668,-1.01643556299529,0.7232335759906187,0.8991792301917813,0.6728209979014009,0.5048048305337608,0.19636957281785528
420.0,8.0,0.2,0.6,0.8,2.405552057792946,3,0.8823682363126792,27.19400316485036,0.590482347936802,18.422479540214454,0.6240045912884855,2.6161772930788887,-4.39670533267825,0.7198666366157604,0.8991792301917813,0.6728209979014009,0.5048048305337608,0.19636957281785528
420.0,8.0,0.2,0.8,0.2,2.4106713658769143,3,0.849530353076283,36.515504251382694,0.26161826768300533,-11.18088147315007,0.6649414774022712,1.1919392156223918,-0.12021808320767402,0.2926976117688607,0.8961995353983601,1.178413685393622,-0.5190528400392005,0.6393122640993245
420.0,8.0,0.2,0.8,0.4,2.4172451806435014,3,0.849530353076283,36.515504251382694,0.26161826768300533,-11.18088147315007,0.6715152921688583,1.4006569211768327,-0.5468845615900466,0.29203201044739646,0.8961995353983601,1.178413685393622,-0.5190528400392005,0.6393122640993245
420.0,8.0,0.2,0.8,0.8,2.346109134350083,3,0.849530353076283,36.515504251382694,0.26161826768300533,-11.18088147315007,0.6003792458754398,2.2971997466006906,-3.160944099113304,0.29070080780446805,0.8961995353983601,1.178413685393622,-0.5190528400392005,0.6393122640993245
420.0,8.0,0.5,0.4,0.2,2.457976810259756,3,0.8798785597376148,46.42150181914924,-0.19334141238307478,38.25027403214361,0.6794157684699335,1.6611666574730544,-1.175809019726842,1.2280063859116988,0.8986824820522078,0.5207411299125646,0.7033658906632994,-0.307447029997408
420.0,8.0,0.5,0.4,0.4,2.46462798731716,3,0.8798785597376148,46.42150181914924,-0.19334141238307478,38.25027403214361,0.6860669455273377,1.9269368523027408,-1.9277185677667648,1.2259890995726128,0.8986824820522078,0.5207411299125646,0.7033658906632994,-0.307447029997408
420.0,8.0,0.5,0.4,0.8,2.3952781990297685,3,0.8798785597376148,46.42150181914924,-0.19334141238307478,38.25027403214361,0.6167171572399457,3.0728787758900675,-6.445351697949027,1.2219545268944412,0.8986824820522078,0.5207411299125646,0.7033658906632994,-0.307447029997408
420.0,8.0,0.5,0.6,0.2,2.4553417124010655,3,0.8821061352744813,29.796358888395993,0.5083537485822132,21.89541955617814,0.6782374629752987,1.398129024909995,-0.5413059863511887,0.7893407791195841,0.8949981141512854,0.616092159289797,0.5847891539502441,0.13017174483203242
420.0,8.0,0.5,0.6,0.4,2.46773960582077,3,0.8821061352744813,29.796358888395993,0.5083537485822132,21.89541955617814,0.6906353563950033,1.6347218652267597,-1.1070852402806795,0.7875706601413904,0.8949981141512854,0.616092159289797,0.5847891539502441,0.13017174483203242
420.0,8.0,0.5,0.6,0.8,2.3999050929014665,3,0.8821061352744813,29.796358888395993,0.5083537485822132,21.89541955617814,0.6228008434756996,2.6661896912095226,-4.605010772463556,0.784030422185003,0.8949981141512854,0.616092159289797,0.5847891539502441,0.13017174483203242
420.0,8.0,0.5,0.8,0.2,2.4226939180130675,3,0.8701090267250832,26.20992122539555,0.6195848797605232,-0.17316640255367133,0.6642014877262619,1.2504068059771498,-0.23281247267474936,0.41596931184422015,0.8883834035617225,1.0283323355073255,-0.1567627910762175,0.5132932053542104
420.0,8.0,0.5,0.8,0.4,2.4328652071555297,3,0.8701090267250832,26.20992122539555,0.6195848797605232,-0.17316640255367133,0.674372776868724,1.4653501366182655,-0.6930788328428588,0.41474499240268253,0.8883834035617225,1.0283323355073255,-0.1567627910762175,0.5132932053542104
420.0,8.0,0.5,0.8,0.8,2.364961346196578,3,0.8701090267250832,26.20992122539555,0.6195848797605232,-0.17316640255367133,0.6064689159097726,2.3954329935818826,-3.524414815964943,0.41229635351960736,0.8883834035617225,1.0283323355073255,-0.1567627910762175,0.5132932053542104
420.0,8.0,0.8,0.4,0.2,2.451643313960641,3,0.8773659912612912,47.39338035993715,-0.24383195865414975,39.02555872730402,0.6776388538481376,1.679365613087941,-1.2237444355586198,1.2526671537795662,0.8966384688512118,0.5378254279475767,0.68358286862728,-0.3316915940492868
420.0,8.0,0.8,0.4,0.4,2.4579337173798517,3,0.8773659912612912,47.39338035993715,-0.24383195865414975,39.02555872730402,0.6839292572673484,1.94680747056424,-1.9884113008302458,1.2506387959968734,0.8966384688512118,0.5378254279475767,0.68358286862728,-0.3316915940492868
420.0,8.0,0.8,0.4,0.8,2.388864393552198,3,0.8773659912612912,47.39338035993715,-0.24383195865414975,39.02555872730402,0.6148599334396949,3.098743976362718,-6.571218031669193,1.2465820804314875,0.8966384688512118,0.5378254279475767,0.68358286862728,-0.3316915940492868
420.0,8.0,0.8,0.6,0.2,2.4478439237867624,3,0.8799062712968057,32.17804340303497,0.4266159533669873,24.515074166526766,0.6769698746972601,1.4254930081530621,-0.602228840289573,0.8427437521943296,0.8909677777926969,0.5776804141623744,0.6349497815225555,0.07548368672267372
420.0,8.0,0.8,0.6,0.4,2.460092138006563,3,0.8799062712968057,32.17804340303497,0.4266159533669873,24.515074166526766,0.6892180889170604,1.6647620075866973,-1.1852376472688997,0.8409187230802335,0.8909677777926969,0.5776804141623744,0.6349497815225555,0.07548368672267372
420.0,8.0,0.8,0.6,0.8,2.392425551618979,3,0.8799062712968057,32.17804340303497,0.4266159533669873,24.515074166526766,0.6215515025294769,2.7082296410313513,-4.783161704790535,0.8372686648520417,0.8909677777926969,0.5776804141623744,0.6349497815225555,0.07548368672267372
420.0,8.0,0.8,0.8,0.2,2.4199256277511676,3,0.8748721006609544,23.622990675100596,0.6909732346307771,6.717928259730484,0.663331414245661,1.288352333473868,-0.3087709860261445,0.5055847544893896,0.8817221128445524,0.9247327763169243,0.06457315724158119,0.4205921488921207
420.0,8.0,0.8,0.8,0.4,2.4319047752965903,3,0.8748721006609544,23.622990675100596,0.6909732346307771,6.717928259730484,0.6753105617910837,1.507547149078908,-0.7919924241734937,0.5041081093703037,0.8817221128445524,0.9247327763169243,0.06457315724158119,0.4205921488921207
420.0,8.0,0.8,0.8,0.8,2.365567739129286,3,0.8748721006609544,23.622990675100596,0.6909732346307771,6.717928259730484,0.6089735256237794,2.4601057842732454,-3.7720163837577747,0.5011548191321324,0.8817221128445524,0.9247327763169243,0.06457315724158119,0.4205921488921207
840.0,2.0,0.2,0.4,0.2,2.2810646784345305,3,0.714337268081492,348.38655985179014,-66.21235672456413,346.68485487597167,0.6668405449247675,1.5876115175385004,-0.9873888256427856,1.276907320969676,0.8998868654282708,0.5154013776732078,0.7094181554962071,-0.30049432140490967
840.0,2.0,0.2,0.4,0.4,2.267844296482993,3,0.714337268081492,348.38655985179014,-66.21235672456413,346.68485487597167,0.6536201629732303,1.83387260831302,-1.6517506821215053,1.2756470891479847,0.8998868654282708,0.5154013776732078,0.7094181554962071,-0.30049432140490967
840.0,2.0,0.2,0.4,0.8,2.1991140907442426,3,0.714337268081492,348.38655985179014,-66.21235672456413,346.68485487597167,0.5848899572344798,2.9354021033485838,-5.79406291116394,1.273126625504604,0.8998868654282708,0.5154013776732078,0.7094181554962071,-0.30049432140490967
840.0,2.0,0.2,0.6,0.2,2.3126008597648724,3,0.702577548291001,278.73530754598573,-42.02395276263952,274.06450273786305,0.7116147994994176,1.1514473904685143,-0.04540015842829859,0.8097339572402507,0.8984085119744539,0.6383800974353884,0.5542041683104253,0.15458322841180452
840.0,2.0,0.2,0.6,0.4,2.293706087577902,3,0.702577548291001,278.73530754598573,-42.02395276263952,274.06450273786305,0.692720027312447,1.329079570829875,-0.39282427372079787,0.8089228592588865,0.8984085119744539,0.6383800974353884,0.5542041683104253,0.15458322841180452
840.0,2.0,0.2,0.6,0.8,2.212989276154102,3,0.702577548291001,278.73530754598573,-42.02395276263952,274.06450273786305,0.612003215888647,2.2411778593909255,-2.9604725602002824,0.8073006632961585,0.8984085119744539,0.6383800974353884,0.5542041683104253,0.15458322841180452
840.0,2.0,0.2,0.8,0.2,2.3281603097709596,3,0.6904616926334117,209.69996114423148,-23.35134978806091,197.50298043368176,0.7413035233029182,0.8452131698584073,0.43671670369771265,0.3772836141544807,0.8963950938346298,1.106529644340123,-0.33937883736331376,0.5773590904942605
840.0,2.0,0.2,0.8,0.4,2.310787780127832,3,0.6904616926334117,209.69996114423148,-23.35134978806091,197.50298043368176,0.7239309936597906,0.9439544291419374,0.29741897082548574,0.3768738963582275,0.8963950938346298,1.106529644340123,-0.33937883736331376,0.5773590904942605
840.0,2.0,0.2,0.8,0.8,2.2227952896791687,3,0.6904616926334117,209.69996114423148,-23.35134978806091,197.50298043368176,0.6359385032111271,1.6579695290833079,-1.1674418320384348,0.37605446076572135,0.8963950938346298,1.106529644340123,-0.33937883736331376,0.5773590904942605
840.0,2.0,0.5,0.4,0.2,2.281653525769747,3,0.7235155505211265,355.85606259836754,-69.12535573039084,354.3627421418327,0.6615025724019218,1.6402134239119677,-1.1212657784717446,1.329656616308922,0.8966354028466986,0.5502677753299362,0.6687731861960848,-0.3514715542255062
840.0,2.0,0.5,0.4,0.4,2.2693239241125425,3,0.7235155505211265,355.85606259836754,-69.12535573039084,354.3627421418327,0.6491729707447174,1.8937075356680637,-1.827614347112139,1.328330885670397,0.8966354028466986,0.5502677753299362,0.6687731861960848,-0.3514715542255062
840.0,2.0,0.5,0.4,0.8,2.2019677315783674,3,0.7235155505211265,355.85606259836754,-69.12535573039084,354.3627421418327,0.5818167782105425,3.0160938404663473,-6.172723031656331,1.3256794243933467,0.8966354028466986,0.5502677753299362,0.6687731861960848,-0.3514715542255062
840.0,2.0,0.5,0.6,0.2,2.3138095429905396,3,0.7185783987327353,296.1183135465122,-47.55756203663452,292.66794065893316,0.7023479735398864,1.251058005151275,-0.23409687948851254,0.9241615046319442,0.8928831707179181,0.5606151451749405,0.6561991244698577,0.0436547459715849
840.0,2.0,0.5,0.6,0.4,2.2953276510297878,3,0.7185783987327353,296.1183135465122,-47.55756203663452,292.66794065893316,0.6838660815791344,1.4466035818942806,-0.6500360547582751,0.92321160766556,0.8928831707179181,0.5606151451749405,0.6561991244698577,0.0436547459715849
840.0,2.0,0.5,0.6,0.8,2.216865293473694,3,0.7185783987327353,296.1183135465122,-47.55756203663452,292.66794065893316,0.6054037240230407,2.4057757941001476,-3.5635694440086434,0.9213118137327919,0.8928831707179181,0.5606151451749405,0.6561991244698577,0.0436547459715849
840.0,2.0,0.5,0.8,0.2,2.334644555270308,3,0.7148127568689849,240.4721889387452,-31.022560314883073,232.94664259946757,0.7317157940888217,0.9617696467064919,0.270649147009391,0.5699535788857021,0.8881160043125013,0.8957866753398168,0.12221830044100046,0.3899884888175945
840.0,2.0,0.5,0.8,0.4,2.314985061851208,3,0.7148127568689849,240.4721889387452,-31.022560314883073,232.94664259946757,0.7120563006697215,1.0986413203237293,0.048286521958562534,0.569319099297388,0.8881160043125013,0.8957866753398168,0.12221830044100046,0.3899884888175945
840.0,2.0,0.5,0.8,0.8,2.228788159990316,3,0.7148127568689849,240.4721889387452,-31.022560314883073,232.94664259946757,0.6258593988088299,1.9060947143832478,-1.864727492317202,0.56805014012076,0.8881160043125013,0.8957866753398168,0.12221830044100046,0.3899884888175945
840.0,2.0,0.8,0.4,0.2,2.281156030102047,3,0.7310249232002978,362.16522343631163,-71.633977907267,360.81887917453105,0.6568121026431153,1.6854049906233664,-1.2397673680234416,1.374504994861459,0.893319004258634,0.5852448525573252,0.6253268848436927,-0.394833143653909
840.0,2.0,0.8,0.4,0.4,2.2696599731027707,3,0.7310249232002978,362.16522343631163,-71.633977907267,360.81887917453105,0.6453160456438389,1.9449993741717406,-1.9828629077801523,1.3731249311582947,0.893319004258634,0.5852448525573252,0.6253268848436927,-0.394833143653909
840.0,2.0,0.8,0.4,0.8,2.203519888999156,3,0.7310249232002978,362.16522343631163,-71.633977907267,360.81887917453105,0.5791759615402242,3.0851224250308866,-6.504800759982955,1.3703648037519667,0.893319004258634,0.5852448525573252,0.6253268848436927,-0.394833143653909
840.0,2.0,0.8,0.6,0.2,2.3118506562413197,3,0.7301798722792382,309.510149426605,-52.04886896509507,306.7936187349283,0.6942478912077005,1.3326998925583937,-0.40042252406961487,1.013506399233391,0.8874228927543809,0.5241451919997223,0.6994750464462615,-0.043000024492206426
840.0,2.0,0.8,0.6,0.4,2.2940936107276277,3,0.7301798722792382,309.510149426605,-52.04886896509507,306.7936187349283,0.6764908456940086,1.5416322402974016,-0.8739410731248884,1.0124515290147513,0.8874228927543809,0.5241451919997223,0.6994750464462615,-0.043000024492206426
840.0,2.0,0.8,0.6,0.8,2.217667448619255,3,0.7301798722792382,309.510149426605,-52.04886896509507,306.7936187349283,0.600064683585636,2.536907612470083,-4.0746216165149525,1.0103417885774724,0.8874228927543809,0.5241451919997223,0.6994750464462615,-0.043000024492206426
840.0,2.0,0.8,0.8,0.2,2.3325813493582936,3,0.7302985006523919,262.3362908922331,-37.110363118365065,257.04470728294217,0.7219117556461349,1.0658635374523535,0.10422781501802114,0.7084540608617496,0.8803710930597666,0.7628196112436814,0.3634668510362534,0.2552541793772376
840.0,2.0,0.8,0.8,0.4,2.312415669148124,3,0.7302985006523919,262.3362908922331,-37.110363118365065,257.04470728294217,0.7017460754359653,1.227222071432619,-0.18751929991792338,0.7076627960735936,0.8803710930597666,0.7628196112436814,0.3634668510362534,0.2552541793772376
840.0,2.0,0.8,0.8,0.8,2.2284682019640094,3,0.7302985006523919,262.3362908922331,-37.110363118365065,257.04470728294217,0.6177986082518508,2.095693684943373,-2.462979903593425,0.7060802664972824,0.8803710930597666,0.7628196112436814,0.3634668510362534,0.2552541793772376
840.0,4.0,0.2,0.4,0.2,2.407683703973286,3,0.7993995296681362,407.1428189824725,-90.79518419452013,406.2607207665666,0.7080286271090177,1.5531274474031254,-0.9019914107627687,1.2523164438000631,0.9002555471961321,0.5071869980331842,0.7186068317055676,-0.2851381752512315
840.0,4.0,0.2,0.4,0.4,2.3904769445280825,3,0.7993995296681362,407.1428189824725,-90.79518419452013,406.2607207665666,0.6908218676638144,1.804171080104976,-1.5665503932566054,1.2510531679884989,0.9002555471961321,0.5071869980331842,0.7186068317055676,-0.2851381752512315
840.0,4.0,0.2,0.4,0.8,2.3099303120438943,3,0.7993995296681362,407.1428189824725,-90.79518419452013,406.2607207665666,0.610275235179626,2.915445597666282,-5.701997254448118,1.2485266163653705,0.9002555471961321,0.5071869980331842,0.7186068317055676,-0.2851381752512315
840.0,4.0,0.2,0.6,0.2,2.4184992277315884,3,0.7739767493849485,362.12098396990524,-71.61623411541892,359.6379435053258,0.7454574332911699,1.1088697142312305,0.030483050616080698,0.7637783483861508,0.89906504505547,0.6698575117351305,0.5091574657156908,0.19063543411022874
840.0,4.0,0.2,0.6,0.4,2.4026246487107694,3,0.7739767493849485,362.12098396990524,-71.61623411541892,359.6379435053258,0.7295828542703509,1.2991694780766405,-0.3308404109459526,0.7630901841368886,0.89906504505547,0.6698575117351305,0.5091574657156908,0.19063543411022874
840.0,4.0,0.2,0.6,0.8,2.312551235216149,3,0.7739767493849485,362.12098396990524,-71.61623411541892,359.6379435053258,0.6395094407757299,2.234417270997786,-2.9366148010514297,0.7617138556383645,0.89906504505547,0.6698575117351305,0.5091574657156908,0.19063543411022874
840.0,4.0,0.2,0.8,0.2,2.394748994332107,3,0.7422304822693304,311.0576657912419,-52.58067203148093,304.119422598098,0.7549994631288349,0.8093308139099866,0.48352831913808103,0.3007382183253547,0.8975190489339415,1.1863608415625835,-0.539610743010758,0.6442707693539899
840.0,4.0,0.2,0.8,0.4,2.3858908597148973,3,0.7422304822693304,311.0576657912419,-52.58067203148093,304.119422598098,0.7461413285116251,0.9257579888729421,0.32424495169227585,0.3006239307408943,0.8975190489339415,1.1863608415625835,-0.539610743010758,0.6442707693539899
840.0,4.0,0.2,0.8,0.8,2.294770209908383,3,0.7422304822693304,311.0576657912419,-52.58067203148093,304.119422598098,0.6550206787051112,1.664934956894925,-1.185691712137292,0.30039535557197355,0.8975190489339415,1.1863608415625835,-0.539610743010758,0.6442707693539899
840.0,4.0,0.5,0.4,0.2,2.405944442925124,3,0.8044000814950275,410.01437766159745,-92.09460448571603,409.190154201584,0.703954362174254,1.5872311679997846,-0.9864366885895284,1.2865248450803841,0.8975899992558426,0.5285467976154855,0.6944064259976472,-0.3181714904194361
840.0,4.0,0.5,0.4,0.4,2.389022115984451,3,0.8044000814950275,410.01437766159745,-92.09460448571603,409.190154201584,0.6870320352335809,1.8423567341957638,-1.6763432604136757,1.2852112530224435,0.8975899992558426,0.5285467976154855,0.6944064259976472,-0.3181714904194361
840.0,4.0,0.5,0.4,0.8,2.3094993138849147,3,0.8044000814950275,410.01437766159745,-92.09460448571603,409.190154201584,0.6075092331340447,2.9656859325488747,-5.934971428007507,1.2825840689065633,0.8975899992558426,0.5285467976154855,0.6944064259976472,-0.3181714904194361
840.0,4.0,0.5,0.6,0.2,2.4211167262549433,3,0.7857311997011036,369.78184851136695,-74.72120512911464,367.7962554257145,0.7409002755470732,1.1743616630729385,-0.08742194319791285,0.841608760992918,0.8944852510067666,0.6090247158190043,0.5942606196634348,0.11505361944006283
840.0,4.0,0.5,0.6,0.4,2.4044003898210153,3,0.7857311997011036,369.78184851136695,-74.72120512911464,367.7962554257145,0.7241839391131452,1.3749873545799236,-0.49070521231114417,0.8407936504144908,0.8944852510067666,0.6090247158190043,0.5942606196634348,0.11505361944006283
840.0,4.0,0.5,0.6,0.8,2.3151826170660468,3,0.7857311997011036,369.78184851136695,-74.72120512911464,367.7962554257145,0.6349661663581766,2.338424469380884,-3.3116257357254693,0.8391634292576364,0.8944852510067666,0.6090247158190043,0.5942606196634348,0.11505361944006283
840.0,4.0,0.5,0.8,0.2,2.4103910450833164,3,0.7651768594891548,327.21979671279854,-58.29328063105235,322.31878435749576,0.7547043246901846,0.8794998569004189,0.39008978367098335,0.43949493090800174,0.8905098609039771,1.028022466944304,-0.15606575879158036,0.5091299484713704
840.0,4.0,0.5,0.8,0.4,2.3988516160082543,3,0.7651768594891548,327.21979671279854,-58.29328063105235,322.31878435749576,0.7431648956151223,1.0216896412051468,0.1769383962326534,0.4391507082993453,0.8905098609039771,1.028022466944304,-0.15606575879158036,0.5091299484713704
840.0,4.0,0.5,0.8,0.8,2.306912455464608,3,0.7651768594891548,327.21979671279854,-58.29328063105235,322.31878435749576,0.6512257350714761,1.8263730557487459,-1.6301065612740344,0.43846226308203273,0.8905098609039771,1.028022466944304,-0.15606575879158036,0.5091299484713704
840.0,4.0,0.8,0.4,0.2,2.4034758465368804,3,0.8085009352178566,412.57010839340734,-93.25878935019674,411.78755478223036,0.700122022586201,1.61814006625755,-1.0645556070537348,1.3172713594064458,0.8948528887328225,0.5506042350102575,0.6683680069575864,-0.3478637135522835
840.0,4.0,0.8,0.4,0.4,2.3868750328183417,3,0.8085009352178566,412.57010839340734,-93.25878935019674,411.78755478223036,0.6835212088676623,1.8769330891574487,-1.7777422416600674,1.3159141724845702,0.8948528887328225,0.5506042350102575,0.6683680069575864,-0.3478637135522835
840.0,4.0,0.8,0.4,0.8,2.3083283864677484,3,0.8085009352178566,412.57010839340734,-93.25878935019674,411.78755478223036,0.604974562517069,3.011143770686115,-6.149198336956492,1.3131997986408195,0.8948528887328225,0.5506042350102575,0.6683680069575864,-0.3478637135522835
840.0,4.0,0.8,0.6,0.2,2.4204190954343496,3,0.794376124056011,376.0759095921048,-77.32084568560877,374.4294691156135,0.7362073988195966,1.2318122654280719,-0.19641929968793637,0.9071090290997375,0.8898355725587418,0.5688007425858538,0.6460860873839995,0.051414564568075256
840.0,4.0,0.8,0.6,0.4,2.403202997113235,3,0.794376124056011,376.0759095921048,-77.32084568560877,374.4294691156135,0.7189913004984821,1.4408240268411976,-0.6368777520995528,0.9061928063092259,0.8898355725587418,0.5688007425858538,0.6460860873839995,0.051414564568075256
840.0,4.0,0.8,0.6,0.8,2.3149809165110202,3,0.794376124056011,376.0759095921048,-77.32084568560877,374.4294691156135,0.6307692198962673,2.427589265320892,-3.6467015420774986,0.9043603607282031,0.8898355725587418,0.5688007425858538,0.6460860873839995,0.051414564568075256
840.0,4.0,0.8,0.8,0.2,2.4158099550373047,3,0.7801611145378387,339.2823094859428,-62.74538822562675,335.58225835396706,0.7520343192835346,0.9489725551753821,0.2899291782771265,0.5479332488426926,0.8836145212159312,0.9126706188489679,0.08881730009251987,0.4033419178784016
840.0,4.0,0.8,0.8,0.4,2.402499270960009,3,0.7801611145378387,339.2823094859428,-62.74538822562675,335.58225835396706,0.738723635206239,1.1089062056482022,0.03041923855782791,0.5474181032198809,0.8836145212159312,0.9126706188489679,0.08881730009251987,0.4033419178784016
840.0,4.0,0.8,0.8,0.8,2.3106443875973524,3,0.7801611145378387,339.2823094859428,-62.74538822562675,335.58225835396706,0.6468687518435826,1.9592003696509401,-2.0265793871576725,0.546387811974258,0.8836145212159312,0.9126706188489679,0.08881730009251987,0.4033419178784016
840.0,8.0,0.2,0.4,0.2,2.4775302534208183,3,0.8658361197443231,438.9426180292519,-105.69445227904104,438.40065051864747,0.7108678496369233,1.5774611947085406,-0.9620575005429277,1.2279179990175657,0.900826284039572,0.5022991791636413,0.7240043336345527,-0.27659676218306
840.0,8.0,0.2,0.4,0.4,2.470163631409295,3,0.8658361197443231,438.9426180292519,-105.69445227904104,438.40065051864747,0.7035012276254002,1.8365486214079214,-1.6594952734274284,1.2264116969561634,0.900826284039572,0.5022991791636413,0.7240043336345527,-0.27659676218306
840.0,8.0,0.2,0.4,0.8,2.3898092766450203,3,0.8658361197443231,438.9426180292519,-105.69445227904104,438.40065051864747,0.6231468728611255,2.964416913902038,-5.9290377415922775,1.2233990928333582,0.900826284039572,0.5022991791636413,0.7240043336345527,-0.27659676218306
840.0,8.0,0.2,0.6,0.2,2.471228425958925,3,0.8420592109373444,408.7567884923386,-91.52440388879013,407.7118564942254,0.7292880086707532,1.1865535790720363,-0.1101178071568627,0.732264954174453,0.8998812063508277,0.6868861473303346,0.48388457156697995,0.21004766773302241
840.0,8.0,0.2,0.6,0.4,2.469593406752769,3,0.8420592109373444,408.7567884923386,-91.52440388879013,407.7118564942254,0.7276529894645967,1.4021182047152463,-0.5501139263985211,0.7314507595810984,0.8998812063508277,0.6868861473303346,0.48388457156697995,0.21004766773302241
840.0,8.0,0.2,0.6,0.8,2.3854944441067225,3,0.8420592109373444,408.7567884923386,-91.52440388879013,407.7118564942254,0.6435540268185502,2.381430608263018,-3.4716749250826453,0.7298223703943892,0.8998812063508277,0.6868861473303346,0.48388457156697995,0.21004766773302241
840.0,8.0,0.2,0.8,0.2,2.4179269172711852,3,0.7974590658659201,370.17600840743455,-74.88271748787342,366.2416161033107,0.7219371428735019,0.9256286337469928,0.32443378348939444,0.2582237259205835,0.8985307085317633,1.2281314862432464,-0.6499358440545784,0.6791880687153377
840.0,8.0,0.2,0.8,0.4,2.4181293441402847,3,0.7974590658659201,370.17600840743455,-74.88271748787342,366.2416161033107,0.722139569742601,1.0908410841734875,0.06175267581830757,0.25840481644676794,0.8985307085317633,1.2281314862432464,-0.6499358440545784,0.6791880687153377
840.0,8.0,0.2,0.8,0.8,2.334490411410296,3,0.7974590658659201,370.17600840743455,-74.88271748787342,366.2416161033107,0.6385006370126122,1.9016037796159684,-1.8512442710733419,0.258766997499137,0.8985307085317633,1.2281314862432464,-0.6499358440545784,0.6791880687153377
840.0,8.0,0.5,0.4,0.2,2.474071600844794,3,0.8666186238666405,440.151566782922,-106.28298367816855,439.60118670139445,0.7083685414402434,1.5981097299408704,-1.0137592725034597,1.2505637032239865,0.8990844355379098,0.5155884941978855,0.7092071256571937,-0.2986176585259039
840.0,8.0,0.5,0.4,0.4,2.4665908127164338,3,0.8666186238666405,440.151566782922,-106.28298367816855,439.60118670139445,0.7008877533118834,1.8592281584594759,-1.725585049376405,1.2490269802398648,0.8990844355379098,0.5155884941978855,0.7092071256571937,-0.2986176585259039
840.0,8.0,0.5,0.4,0.8,2.3868001613374514,3,0.8666186238666405,440.151566782922,-106.28298367816855,439.60118670139445,0.621097101932901,2.993690200854262,-6.066560368172112,1.2459535342716213,0.8990844355379098,0.5155884941978855,0.7092071256571937,-0.2986176585259039
840.0,8.0,0.5,0.6,0.2,2.4718153135125362,3,0.8481762973471552,412.55588833066804,-93.2522918227617,411.67818957520615,0.7269663913758481,1.2266010299350818,-0.18631770458455965,0.7862139313954462,0.8966726247895332,0.6401571421948014,0.5517188096239454,0.15691598303012505
840.0,8.0,0.5,0.6,0.4,2.469841848552037,3,0.8481762973471552,412.55588833066804,-93.2522918227617,411.67818957520615,0.7249929264153483,1.4466811629582526,-0.650213041718545,0.7852787818892464,0.8966726247895332,0.6401571421948014,0.5517188096239454,0.15691598303012505
840.0,8.0,0.5,0.6,0.8,2.386159667196863,3,0.8481762973471552,412.55588833066804,-93.2522918227617,411.67818957520615,0.6413107450601745,2.4414576856481673,-3.699944885601358,0.7834084828768471,0.8966726247895332,0.6401571421948014,0.5517188096239454,0.15691598303012505
840.0,8.0,0.5,0.8,0.2,2.4333443836967525,3,0.8171970535482463,379.53377584118783,-78.76772412745515,376.7204228569494,0.7229172039177408,0.97480635724923,0.25074255429555803,0.36066003720561546,0.8932301262307656,1.106898162570408,-0.34027111840272783,0.5786849000391692
840.0,8.0,0.5,0.8,0.4,2.433779637885861,3,0.8171970535482463,379.53377584118783,-78.76772412745515,376.7204228569494,0.7233524581068492,1.1534728975887436,-0.04908131293872531,0.3605319311987418,0.8932301262307656,1.106898162570408,-0.34027111840272783,0.5786849000391692
840.0,8.0,0.5,0.8,0.8,2.3503304212658325,3,0.8171970535482463,379.53377584118783,-78.76772412745515,376.7204228569494,0.6399032414868208,2.005737403643368,-2.1720681456706203,0.3602757191849945,0.8932301262307656,1.106898162570408,-0.34027111840272783,0.5786849000391692
840.0,8.0,0.8,0.4,0.2,2.4703722315837036,3,0.8670741294171477,441.25825032239777,-106.82315021070652,440.69742135199033,0.7059815047014213,1.6173974509932418,-1.0626610631514604,1.2715719329674575,0.8973165974651348,0.5293825597780798,0.6934392250789378,-0.31901682389819874
840.0,8.0,0.8,0.4,0.4,2.4628008598947417,3,0.8670741294171477,441.25825032239777,-106.82315021070652,440.69742135199033,0.6984101330124595,1.8804287149900671,-1.7880984867089005,1.2700083356938598,0.8973165974651348,0.5293825597780798,0.6934392250789378,-0.31901682389819874
840.0,8.0,0.8,0.4,0.8,2.3835558580422394,3,0.8670741294171477,441.25825032239777,-106.82315021070652,440.69742135199033,0.6191651311599571,3.021076698218345,-6.196442573448651,1.2668811411466643,0.8973165974651348,0.5293825597780798,0.6934392250789378,-0.31901682389819874
840.0,8.0,0.8,0.6,0.2,2.470363563399225,3,0.8522866941237733,415.7810404834122,-94.7316848608962,415.01510822341413,0.7246225782337559,1.262472027115719,-0.25671815787716024,0.8334737162553162,0.8934542910416959,0.6044101304306593,0.6003859071240989,0.11035927389391544
840.0,8.0,0.8,0.6,0.4,2.4680512999992024,3,0.8522866941237733,415.7810404834122,-94.7316848608962,415.01510822341413,0.7223103148337333,1.4864536456000386,-0.7421963629739134,0.8324424889001748,0.8934542910416959,0.6044101304306593,0.6003859071240989,0.11035927389391544
840.0,8.0,0.8,0.6,0.8,2.3847946199524848,3,0.8522866941237733,415.7810404834122,-94.7316848608962,415.01510822341413,0.6390536347870157,2.4946278696800865,-3.9068852473200693,0.8303800341898924,0.8934542910416959,0.6044101304306593,0.6003859071240989,0.11035927389391544
840.0,8.0,0.8,0.8,0.2,2.440087024939867,3,0.8296432213665912,386.7977562959806,-81.85032787309268,384.6665568146895,0.7223727085131111,1.0207384367378667,0.17847024190970984,0.44410101340946156,0.888071095060165,1.0119022912634519,-0.12009403537812524,0.49641421611194386
840.0,8.0,0.8,0.8,0.4,2.440699606607496,3,0.8296432213665912,386.7977562959806,-81.85032787309268,384.6665568146895,0.72298529018074,1.208695442762179,-0.15193541698000956,0.4437418370910733,0.888071095060165,1.0119022912634519,-0.12009403537812524,0.49641421611194386
840.0,8.0,0.8,0.8,0.8,2.3576361514166404,3,0.8296432213665912,386.7977562959806,-81.85032787309268,384.6665568146895,0.6399218349898843,2.09101976587517,-2.4475505124929047,0.44302348445429685,0.888071095060165,1.0119022912634519,-0.12009403537812524,0.49641421611194386
