whc,exp_runoff,exp_et,beta,alpha,sum_correlation,n_variables,sm_corr,sm_rmse,sm_nse,sm_bias,ro_corr,ro_rmse,ro_nse,ro_bias,et_corr,et_rmse,et_nse,et_bias
210.0,2.0,0.2,0.4,0.2,2.043304362745783,3,0.8940244069052496,141.10507706511905,-2.390332528541126,-136.5173419492676,0.3738510737120134,0.8482237583250031,-23.973565433986963,0.5008707518131891,0.7754288821285202,0.510750233144769,-0.040808861659774376,-0.20812230919193248
210.0,2.0,0.2,0.4,0.3,2.1084082892895055,3,0.8940244069052496,141.10507706511905,-2.390332528541126,-136.5173419492676,0.43895500025573575,0.8862166795671602,-26.260858232971717,0.5003187641462588,0.7754288821285202,0.510750233144769,-0.040808861659774376,-0.20812230919193248
210.0,2.0,0.2,0.4,0.4,2.1532223443713194,3,0.8940244069052496,141.10507706511905,-2.390332528541126,-136.5173419492676,0.48376905533754944,0.9444415671923211,-29.960635847032073,0.4997667764793285,0.7754288821285202,0.510750233144769,-0.040808861659774376,-0.20812230919193248
210.0,2.0,0.2,0.6,0.2,2.065055531558838,3,0.912824362069119,158.63111478772626,-3.284831701531644,-154.99170169688182,0.3754770952175597,0.6938374438094302,-15.709950050947583,0.37915334931874967,0.7767540742721594,0.6899929415936559,-0.8995167620120343,-0.08391455032781152
210.0,2.0,0.2,0.6,0.3,2.132711261947866,3,0.912824362069119,158.63111478772626,-3.284831701531644,-154.99170169688182,0.4431328256065877,0.7208937095828927,-17.038572108952458,0.37866005103573597,0.7767540742721594,0.6899929415936559,-0.8995167620120343,-0.08391455032781152
210.0,2.0,0.2,0.6,0.4,2.1810024160545867,3,0.912824362069119,158.63111478772626,-3.284831701531644,-154.99170169688182,0.49142397971330826,0.7645981073393773,-19.292059273585952,0.3781667527527223,0.7767540742721594,0.6899929415936559,-0.8995167620120343,-0.08391455032781152
210.0,2.0,0.2,0.8,0.2,1.9770535766870072,3,0.8886089868955459,171.76460506992106,-4.023707744871208,-167.522328485563,0.3719856956415756,0.581088414033533,-10.720445445452912,0.2908464149390249,0.7164588941498857,0.87739492452194,-2.071454384142598,0.008372142781725678
210.0,2.0,0.2,0.8,0.3,2.0454983653570737,3,0.8886089868955459,171.76460506992106,-4.023707744871208,-167.522328485563,0.44043048431164206,0.6007848424434066,-11.528457932305306,0.29040668588855384,0.7164588941498857,0.87739492452194,-2.071454384142598,0.008372142781725678
210.0,2.0,0.2,0.8,0.4,2.0955621690411714,3,0.8886089868955459,171.76460506992106,-4.023707744871208,-167.522328485563,0.49049428799573985,0.6346230046229601,-12.97948932396402,0.2899669568380828,0.7164588941498857,0.87739492452194,-2.071454384142598,0.008372142781725678
210.0,2.0,0.5,0.4,0.2,2.1192076096944543,3,0.893706136200366,127.93540294964582,-1.787009817949281,-122.17782066206827,0.38794282806737884,0.9265829632859054,-28.80082632130768,0.5715490821660173,0.8375586454267092,0.4261589772444841,0.2754020230964265,-0.2830941073648047
210.0,2.0,0.5,0.4,0.3,2.184148575994649,3,0.893706136200366,127.93540294964582,-1.787009817949281,-122.17782066206827,0.4528837943675733,0.9700104425205949,-31.65972354216752,0.5709589286142132,0.8375586454267092,0.4261589772444841,0.2754020230964265,-0.2830941073648047
210.0,2.0,0.5,0.4,0.4,2.2276923787395004,3,0.893706136200366,127.93540294964582,-1.787009817949281,-122.17782066206827,0.4964275971124255,1.0356247345335252,-36.22755499046056,0.5703687750624093,0.8375586454267092,0.4261589772444841,0.2754020230964265,-0.2830941073648047
210.0,2.0,0.5,0.6,0.2,2.151018996285369,3,0.9242070168481203,147.54588735962065,-2.7069030973883454,-143.86816371374826,0.39139325586614737,0.7713317940857323,-19.651050627694165,0.4438689123749827,0.8354187235711011,0.4882855523478167,0.04873485800917221,-0.1527413932568704
210.0,2.0,0.5,0.6,0.3,2.219204577522218,3,0.9242070168481203,147.54588735962065,-2.7069030973883454,-143.86816371374826,0.4595788371029964,0.80340810730245,-21.404337425071436,0.44332260562396725,0.8354187235711011,0.4882855523478167,0.04873485800917221,-0.1527413932568704
210.0,2.0,0.5,0.6,0.4,2.2668336237458098,3,0.9242070168481203,147.54588735962065,-2.7069030973883454,-143.86816371374826,0.5072078833265885,0.8540124764822502,-24.31559363876594,0.44277629887295183,0.8354187235711011,0.4882855523478167,0.04873485800917221,-0.1527413932568704
210.0,2.0,0.5,0.8,0.2,2.1189468468090222,3,0.9273315742921364,158.91995978635245,-3.30045006245777,-155.43674379363256,0.39422312661986386,0.6710856586112923,-14.632037947674277,0.36542021022044174,0.7973921458970221,0.6265552748001837,-0.5662915870554084,-0.07286983782303098
210.0,2.0,0.5,0.8,0.3,2.18901568854735,3,0.9273315742921364,158.91995978635245,-3.30045006245777,-155.43674379363256,0.4642919683581915,0.6962754642416196,-15.82758790728542,0.36490979072082264,0.7973921458970221,0.6265552748001837,-0.5662915870554084,-0.07286983782303098
210.0,2.0,0.5,0.8,0.4,2.23906957320591,3,0.9273315742921364,158.91995978635245,-3.30045006245777,-155.43674379363256,0.5143458530167516,0.7377716029034301,-17.893114433829602,0.3643993712212037,0.7973921458970221,0.6265552748001837,-0.5662915870554084,-0.07286983782303098
210.0,2.0,0.8,0.4,0.2,2.1659440512379864,3,0.9062741341495261,115.82548514563204,-1.284363813337996,-108.59099211481313,0.4093110766757615,1.013100323426376,-34.62579733040035,0.6492872795638799,0.8503588404126988,0.4602763807796162,0.1547382567031581,-0.36516040460363963
210.0,2.0,0.8,0.4,0.3,2.230871006739687,3,0.9062741341495261,115.82548514563204,-1.284363813337996,-108.59099211481313,0.47423803217746197,1.0627895818558843,-38.206155852518364,0.6486852217297906,0.8503588404126988,0.4602763807796162,0.1547382567031581,-0.36516040460363963
210.0,2.0,0.8,0.4,0.4,2.27302395135053,3,0.9062741341495261,115.82548514563204,-1.284363813337996,-108.59099211481313,0.5163909767883051,1.136949336954124,-43.86853714551363,0.6480831638957013,0.8503588404126988,0.4602763807796162,0.1547382567031581,-0.36516040460363963
210.0,2.0,0.8,0.6,0.2,2.1849869739999797,3,0.9240505918890083,135.36408498146199,-2.1200669976619797,-130.6845922579365,0.4036718542789087,0.8451566744057781,-23.793288617169082,0.5087152462128979,0.8572645278320626,0.4176980275971096,0.3038887009590805,-0.22183021819791784
210.0,2.0,0.8,0.6,0.3,2.252904224571213,3,0.9240505918890083,135.36408498146199,-2.1200669976619797,-130.6845922579365,0.47158910485014205,0.8824029700626258,-26.026736494727334,0.5081404498814553,0.8572645278320626,0.4176980275971096,0.3038887009590805,-0.22183021819791784
210.0,2.0,0.8,0.6,0.4,2.2991952080273266,3,0.9240505918890083,135.36408498146199,-2.1200669976619797,-130.6845922579365,0.5178800883062556,0.9400214883362684,-29.671516383099007,0.5075656535500128,0.8572645278320626,0.4176980275971096,0.3038887009590805,-0.22183021819791784
210.0,2.0,0.8,0.8,0.2,2.17178196335073,3,0.934076789418245,148.20917969695324,-2.740306767811211,-144.41687027366237,0.40456976540691414,0.7393337330681892,-17.973206292190948,0.4236334751360223,0.8331354085255708,0.48156062002102684,0.0747570938542168,-0.13498421490327034
210.0,2.0,0.8,0.8,0.3,2.241726656001098,3,0.934076789418245,148.20917969695324,-2.740306767811211,-144.41687027366237,0.4745144580572823,0.7691200513310698,-19.532789388612805,0.4230897836337651,0.8331354085255708,0.48156062002102684,0.0747570938542168,-0.13498421490327034
210.0,2.0,0.8,0.8,0.4,2.290667805623339,3,0.934076789418245,148.20917969695324,-2.740306767811211,-144.41687027366237,0.5234556076795234,0.8168571646575701,-22.160713275532203,0.4225460921315081,0.8331354085255708,0.48156062002102684,0.0747570938542168,-0.13498421490327034
210.0,4.0,0.2,0.4,0.2,1.9657974860709388,3,0.8687424954140489,127.58821633504253,-1.7719037637246622,-121.79883835661118,0.32511138232290965,0.7939471774972444,-20.879777597192298,0.41992799292830685,0.7719436083339803,0.4995091504492716,0.004501222606330124,-0.1255418885853819
210.0,4.0,0.2,0.4,0.3,2.0264574715227206,3,0.8687424954140489,127.58821633504253,-1.7719037637246622,-121.79883835661118,0.38577136777469123,0.8280156904696706,-22.797800418874825,0.4194281639389431,0.7719436083339803,0.4995091504492716,0.004501222606330124,-0.1255418885853819
210.0,4.0,0.2,0.4,0.4,2.0701054278587563,3,0.8687424954140489,127.58821633504253,-1.7719037637246622,-121.79883835661118,0.42941932411072714,0.8803975545406288,-25.904030090977002,0.41892833494957943,0.7719436083339803,0.4995091504492716,0.004501222606330124,-0.1255418885853819
210.0,4.0,0.2,0.6,0.2,2.004424052901926,3,0.9045339499946692,146.37949946862028,-2.6485267232461984,-142.63588269374475,0.3192890625230828,0.6276998413153648,-12.67614581699868,0.2924179167721025,0.7806010403841741,0.74008071820723,-1.1853047662172536,0.009155837940131048
210.0,4.0,0.2,0.6,0.3,2.0641096313524967,3,0.9045339499946692,146.37949946862028,-2.6485267232461984,-142.63588269374475,0.3789746409736534,0.6508648271250399,-13.704196255144462,0.2920524221714518,0.7806010403841741,0.74008071820723,-1.1853047662172536,0.009155837940131048
210.0,4.0,0.2,0.6,0.4,2.1083980046953017,3,0.9045339499946692,146.37949946862028,-2.6485267232461984,-142.63588269374475,0.42326301431645835,0.6884393021061118,-15.450950525920128,0.291686927570801,0.7806010403841741,0.74008071820723,-1.1853047662172536,0.009155837940131048
210.0,4.0,0.2,0.8,0.2,1.9421380599907025,3,0.8895203708646889,160.87071580033268,-3.4066748245100227,-156.92068731937712,0.30977683501528724,0.511433710582352,-8.079007738693754,0.20744189055290788,0.7428408541107263,0.9456271921138482,-2.5677444433079804,0.10161699995738185
210.0,4.0,0.2,0.8,0.3,1.9995928516153192,3,0.8895203708646889,160.87071580033268,-3.4066748245100227,-156.92068731937712,0.367231626639904,0.5274692483852572,-8.657261142831778,0.20717568091338712,0.7428408541107263,0.9456271921138482,-2.5677444433079804,0.10161699995738185
210.0,4.0,0.2,0.8,0.4,2.043087551871581,3,0.8895203708646889,160.87071580033268,-3.4066748245100227,-156.92068731937712,0.41072632689616584,0.5551768974225755,-9.698489283558489,0.20690947127386639,0.7428408541107263,0.9456271921138482,-2.5677444433079804,0.10161699995738185
210.0,4.0,0.5,0.4,0.2,2.065686324410909,3,0.8845100403032069,112.50397213645739,-1.1552255570128325,-106.04180737965659,0.35304836613579066,0.8778224398955614,-25.74687463312363,0.4927150465617655,0.8281279179719117,0.4082417084494516,0.3350506286720578,-0.20676659179587764
210.0,4.0,0.5,0.4,0.3,2.130443044262602,3,0.8845100403032069,112.50397213645739,-1.1552255570128325,-106.04180737965659,0.41780508598748334,0.9166676024312731,-28.16644178937226,0.492035463822409,0.8281279179719117,0.4082417084494516,0.3350506286720578,-0.20676659179587764
210.0,4.0,0.5,0.4,0.4,2.1762007626941475,3,0.8845100403032069,112.50397213645739,-1.1552255570128325,-106.04180737965659,0.46356280441902875,0.9759803084723572,-32.062964870098405,0.49135588108305245,0.8281279179719117,0.4082417084494516,0.3350506286720578,-0.20676659179587764
210.0,4.0,0.5,0.6,0.2,2.0941436733069136,3,0.9112803315095767,135.60810029019726,-2.1313259713223105,-131.71714673720817,0.3427214466870544,0.6906317080164519,-15.55589686134632,0.34335943126321045,0.8401418951102826,0.5201880770726154,-0.07962919890127385,-0.048489839364677344
210.0,4.0,0.5,0.6,0.3,2.1582176856888937,3,0.9112803315095767,135.60810029019726,-2.1313259713223105,-131.71714673720817,0.40679545906903447,0.7171950464384246,-16.85394725898833,0.34287207321229135,0.8401418951102826,0.5201880770726154,-0.07962919890127385,-0.048489839364677344
210.0,4.0,0.5,0.6,0.4,2.2052029522101346,3,0.9112803315095767,135.60810029019726,-2.1313259713223105,-131.71714673720817,0.45378072559027555,0.7598304196838982,-19.039784080061363,0.34238471516137226,0.8401418951102826,0.5201880770726154,-0.07962919890127385,-0.048489839364677344
210.0,4.0,0.5,0.8,0.2,2.070204661227669,3,0.9223041114117557,148.0051176593161,-2.7300141641029065,-144.78210948470988,0.3393120936576258,0.5835496794746824,-10.819942249245374,0.263829730028245,0.8085884561582876,0.702512634681914,-0.969074341335656,0.036211779673933985
210.0,4.0,0.5,0.8,0.3,2.1338242500456888,3,0.9223041114117557,148.0051176593161,-2.7300141641029065,-144.78210948470988,0.4029316824756457,0.60335488981242,-11.63587609001711,0.2634242741677829,0.8085884561582876,0.702512634681914,-0.969074341335656,0.036211779673933985
210.0,4.0,0.5,0.8,0.4,2.1813427792542317,3,0.9223041114117557,148.0051176593161,-2.7300141641029065,-144.78210948470988,0.45045021168418825,0.6368182425280476,-13.076370092285181,0.26301881830732066,0.8085884561582876,0.702512634681914,-0.969074341335656,0.036211779673933985
210.0,4.0,0.8,0.4,0.2,2.1378826435444482,3,0.9041520713771863,101.15918112491039,-0.7424792944981407,-93.44316592201409,0.38880376919378773,0.9587498728390068,-30.905850334245443,0.561413211724089,0.8449268029734743,0.4174915374829545,0.3045767797287239,-0.2834350764286661
210.0,4.0,0.8,0.4,0.3,2.206806949870685,3,0.9041520713771863,101.15918112491039,-0.7424792944981407,-93.44316592201409,0.4577280755200243,1.0026205102948904,-33.89256161976801,0.5606316763191515,0.8449268029734743,0.4174915374829545,0.3045767797287239,-0.2834350764286661
210.0,4.0,0.8,0.4,0.4,2.2544933885041334,3,0.9041520713771863,101.15918112491039,-0.7424792944981407,-93.44316592201409,0.5054145141534728,1.0692421760925765,-38.68367161324011,0.559850140914214,0.8449268029734743,0.4174915374829545,0.3045767797287239,-0.2834350764286661
210.0,4.0,0.8,0.6,0.2,2.140768253086823,3,0.917066205755199,122.43867315806884,-1.5526674769172009,-117.79441235461553,0.36575389041551637,0.7600191497625203,-19.049740458841974,0.4016522288358639,0.8579481569161074,0.42866613323750424,0.26685111061534783,-0.11423042985092234
210.0,4.0,0.8,0.6,0.3,2.208507438007051,3,0.917066205755199,122.43867315806884,-1.5526674769172009,-117.79441235461553,0.43349307533574455,0.7906324627183619,-20.69746363857913,0.40103237357647964,0.8579481569161074,0.42866613323750424,0.26685111061534783,-0.11423042985092234
210.0,4.0,0.8,0.6,0.4,2.2574101779391285,3,0.917066205755199,122.43867315806884,-1.5526674769172009,-117.79441235461553,0.4823958152678223,0.8391579570532617,-23.44258414371684,0.40041251831709546,0.8579481569161074,0.42866613323750424,0.26685111061534783,-0.11423042985092234
210.0,4.0,0.8,0.8,0.2,2.1239406848559357,3,0.9278290466826725,136.9818715299857,-2.1950908166811467,-133.45718573542743,0.35802454325013916,0.6396450977443439,-13.201618322273465,0.30965758411632766,0.838087094923124,0.5455806406098923,-0.18760423320418718,-0.01628444031741676
210.0,4.0,0.8,0.8,0.3,2.191017850005995,3,0.9278290466826725,136.9818715299857,-2.1950908166811467,-133.45718573542743,0.4251017084001986,0.6625826314591471,-14.23841439559194,0.3091483576310177,0.838087094923124,0.5455806406098923,-0.18760423320418718,-0.01628444031741676
210.0,4.0,0.8,0.8,0.4,2.2405311953800666,3,0.9278290466826725,136.9818715299857,-2.1950908166811467,-133.45718573542743,0.4746150537742698,0.7006582933383078,-16.040103124620412,0.3086391311457079,0.838087094923124,0.5455806406098923,-0.18760423320418718,-0.01628444031741676
210.0,8.0,0.2,0.4,0.2,1.8969346856476712,3,0.8460000476012357,119.32892288195511,-1.4246466514343834,-112.07309082065883,0.2835336984353802,0.7675357316907692,-19.448285034691125,0.3687351809916863,0.7674009396110553,0.501033807644874,-0.0015851954819534608,-0.07726692229202221
210.0,8.0,0.2,0.4,0.3,1.9491277521379131,3,0.8460000476012357,119.32892288195511,-1.4246466514343834,-112.07309082065883,0.3357267649256221,0.8016436932086288,-21.306038389648336,0.3683448211191683,0.7674009396110553,0.501033807644874,-0.0015851954819534608,-0.07726692229202221
210.0,8.0,0.2,0.4,0.4,1.98707472878623,3,0.8460000476012357,119.32892288195511,-1.4246466514343834,-112.07309082065883,0.37367374157393907,0.8532511098399356,-24.27047519539839,0.3679544612466504,0.7674009396110553,0.501033807644874,-0.0015851954819534608,-0.07726692229202221
210.0,8.0,0.2,0.6,0.2,1.9413663833515067,3,0.8894485089818259,139.45204617938896,-2.3113630475260556,-134.95487857056514,0.2742906170646499,0.5923192308258931,-11.177870492039789,0.23462752549212554,0.7776272573050309,0.7791438176850715,-1.4220833940867843,0.06837017595686563
210.0,8.0,0.2,0.6,0.3,1.9898118617331593,3,0.8894485089818259,139.45204617938896,-2.3113630475260556,-134.95487857056514,0.3227360954463024,0.6151433682896367,-12.134464699428522,0.2344250239897501,0.7776272573050309,0.7791438176850715,-1.4220833940867843,0.06837017595686563
210.0,8.0,0.2,0.6,0.4,2.0260282448541176,3,0.8894485089818259,139.45204617938896,-2.3113630475260556,-134.95487857056514,0.35895247856726054,0.6511995574761736,-13.719324454462859,0.2342225224873749,0.7776272573050309,0.7791438176850715,-1.4220833940867843,0.06837017595686563
210.0,8.0,0.2,0.8,0.2,1.898527697315807,3,0.8825278253541788,154.6530726769745,-3.072622179486035,-150.39257246854092,0.2633779013814006,0.4757975589237644,-6.857856691627706,0.15459876214127216,0.7526219705802275,0.9962598805409812,-2.9600358477467954,0.15811743316975194
210.0,8.0,0.2,0.8,0.3,1.9433616875045872,3,0.8825278253541788,154.6530726769745,-3.072622179486035,-150.39257246854092,0.3082118915701808,0.4912938374860349,-7.378037852223397,0.1544886458654548,0.7526219705802275,0.9962598805409812,-2.9600358477467954,0.15811743316975194
210.0,8.0,0.2,0.8,0.4,1.9775172719273963,3,0.8825278253541788,154.6530726769745,-3.072622179486035,-150.39257246854092,0.34236747599299006,0.517075356614922,-8.280414313565734,0.15437852958963752,0.7526219705802275,0.9962598805409812,-2.9600358477467954,0.15811743316975194
210.0,8.0,0.5,0.4,0.2,2.0135961695477596,3,0.8709812877718179,103.26427940039092,-0.8157550200332089,-95.73155257309735,0.3223753537392744,0.8509496297675603,-24.13433459760881,0.4368306279774077,0.8202395280366672,0.4101689947615537,0.32875743102531796,-0.1571728520728885
210.0,8.0,0.5,0.4,0.3,2.0749967518955748,3,0.8709812877718179,103.26427940039092,-0.8157550200332089,-95.73155257309735,0.3837759360870896,0.8889266574130603,-26.42783607809907,0.43611733791566465,0.8202395280366672,0.4101689947615537,0.32875743102531796,-0.1571728520728885
210.0,8.0,0.5,0.4,0.4,2.119323175162041,3,0.8709812877718179,103.26427940039092,-0.8157550200332089,-95.73155257309735,0.4281023593535557,0.9467087261870869,-30.109458042620165,0.43540404785392156,0.8202395280366672,0.4101689947615537,0.32875743102531796,-0.1571728520728885
210.0,8.0,0.5,0.6,0.2,2.03348864059278,3,0.8963479852315486,128.69261976455562,-1.8200986427769865,-124.12182396460476,0.29739837232555016,0.6472056693668141,-13.53932721946821,0.278461689057891,0.839742283035681,0.5598298412132884,-0.2504488255039101,0.01681182365160687
210.0,8.0,0.5,0.6,0.3,2.0881574273220416,3,0.8963479852315486,128.69261976455562,-1.8200986427769865,-124.12182396460476,0.352067159054812,0.6728181095167295,-14.712852355120667,0.2781149635804457,0.839742283035681,0.5598298412132884,-0.2504488255039101,0.01681182365160687
210.0,8.0,0.5,0.6,0.4,2.128783570098312,3,0.8963479852315486,128.69261976455562,-1.8200986427769865,-124.12182396460476,0.3926933018310825,0.7132486285713792,-16.658002561518632,0.27776823810300044,0.839742283035681,0.5598298412132884,-0.2504488255039101,0.01681182365160687
210.0,8.0,0.5,0.8,0.2,2.0151119323667723,3,0.9131379497298444,141.82462379429782,-2.4249977963499223,-138.32358851887855,0.2892795798966931,0.5371369500630649,-9.014510878416715,0.2008225150385682,0.812694402740235,0.7638262550621235,-1.327785715529223,0.10233961985957106
210.0,8.0,0.5,0.8,0.3,2.0671321648248266,3,0.9131379497298444,141.82462379429782,-2.4249977963499223,-138.32358851887855,0.3412998123547471,0.5558664452239586,-9.725081532297446,0.20058041977034652,0.812694402740235,0.7638262550621235,-1.327785715529223,0.10233961985957106
210.0,8.0,0.5,0.8,0.4,2.1064347459016846,3,0.9131379497298444,141.82462379429782,-2.4249977963499223,-138.32358851887855,0.38060239343160546,0.586741851041492,-10.949612386907658,0.20033832450212485,0.812694402740235,0.7638262550621235,-1.327785715529223,0.10233961985957106
210.0,8.0,0.8,0.4,0.2,2.1077654703840842,3,0.8938843833714961,92.53074502623758,-0.457904692820462,-83.84408763510622,0.37405057092102345,0.924618465441583,-28.674595642305153,0.4963778640951489,0.8398305160915647,0.402606978150919,0.3532797940723995,-0.2273204003240733
210.0,8.0,0.8,0.4,0.3,2.1794888233695393,3,0.8938843833714961,92.53074502623758,-0.457904692820462,-83.84408763510622,0.4457739239064784,0.9667010590544663,-31.43725341172062,0.495435409855701,0.8398305160915647,0.402606978150919,0.3532797940723995,-0.2273204003240733
210.0,8.0,0.8,0.4,0.4,2.2305900019524776,3,0.8938843833714961,92.53074502623758,-0.457904692820462,-83.84408763510622,0.4968751024894171,1.0311210141569656,-35.90446897787795,0.49449295561625345,0.8398305160915647,0.402606978150919,0.3532797940723995,-0.2273204003240733
210.0,8.0,0.8,0.6,0.2,2.090773250036824,3,0.9069987778903211,114.93733382345897,-1.2494650676368724,-109.92455588473386,0.3266382146011302,0.7117265850271476,-16.58272005464297,0.3302517383580503,0.8571362575453726,0.4638710191036766,0.1414841555631764,-0.04444124439531232
210.0,8.0,0.8,0.6,0.3,2.1530256249479987,3,0.9069987778903211,114.93733382345897,-1.2494650676368724,-109.92455588473386,0.38889058951230476,0.7406261977462921,-18.03960021439411,0.32968084034052597,0.8571362575453726,0.4638710191036766,0.1414841555631764,-0.04444124439531232
210.0,8.0,0.8,0.6,0.4,2.198918973272589,3,0.9069987778903211,114.93733382345897,-1.2494650676368724,-109.92455588473386,0.43478393783689545,0.786265009729617,-20.45841218933893,0.3291099423230018,0.8571362575453726,0.4638710191036766,0.1414841555631764,-0.04444124439531232
210.0,8.0,0.8,0.8,0.2,2.068703189102731,3,0.9193065485546508,130.59146214745954,-1.90393295156019,-126.89747810797952,0.31009353080329294,0.5854140071852552,-10.895587725229467,0.23842811492555935,0.8393031097447872,0.6114167934142295,-0.49151821071982704,0.057084898509184016
210.0,8.0,0.8,0.8,0.3,2.126496702632437,3,0.9193065485546508,130.59146214745954,-1.90393295156019,-126.89747810797952,0.3678870443329989,0.6066121924222057,-11.772677743768226,0.23804681578497622,0.8393031097447872,0.6114167934142295,-0.49151821071982704,0.057084898509184016
210.0,8.0,0.8,0.8,0.4,2.1698846397011082,3,0.9193065485546508,130.59146214745954,-1.90393295156019,-126.89747810797952,0.4112749814016703,0.6414055203773822,-13.27989689866074,0.23766551664439314,0.8393031097447872,0.6114167934142295,-0.49151821071982704,0.057084898509184016
420.0,2.0,0.2,0.4,0.2,1.8065264227605016,3,0.7497770373206595,72.28510690408336,0.11027729972311084,-46.827830466900366,0.31504882304296716,0.5856141883064307,-10.903724459896571,0.3613032254791327,0.7417005623968749,0.48060021165654004,0.07844396060082937,-0.047066250742689046
420.0,2.0,0.2,0.4,0.3,1.861152632924185,3,0.7497770373206595,72.28510690408336,0.11027729972311084,-46.827830466900366,0.36967503320665057,0.6107498635980039,-11.947515578753823,0.36101471809015406,0.7417005623968749,0.48060021165654004,0.07844396060082937,-0.047066250742689046
420.0,2.0,0.2,0.4,0.4,1.8976027849174661,3,0.7497770373206595,72.28510690408336,0.11027729972311084,-46.827830466900366,0.40612518519993185,0.6503840453680126,-13.682480845249486,0.3607262107011756,0.7417005623968749,0.48060021165654004,0.07844396060082937,-0.047066250742689046
420.0,2.0,0.2,0.6,0.2,1.9144521483734414,3,0.8275657208560822,122.02862183862547,-1.5355981656998168,-112.13708387450184,0.31281944275402856,0.4041860332103122,-4.670512203470497,0.20756796748124248,0.7740669847633306,0.7262677437547829,-1.1044923241845122,0.11445969624220008
420.0,2.0,0.2,0.6,0.3,1.972400509063275,3,0.8275657208560822,122.02862183862547,-1.5355981656998168,-112.13708387450184,0.37076780344386223,0.41518157355582413,-4.98323176733595,0.20737865482426251,0.7740669847633306,0.7262677437547829,-1.1044923241845122,0.11445969624220008
420.0,2.0,0.2,0.6,0.4,2.0142857408193526,3,0.8275657208560822,122.02862183862547,-1.5355981656998168,-112.13708387450184,0.4126530351999399,0.43591027753327677,-5.595593815219837,0.20718934216728258,0.7740669847633306,0.7262677437547829,-1.1044923241845122,0.11445969624220008
420.0,2.0,0.2,0.8,0.2,1.9638765223845833,3,0.8681130327025816,141.07934525432668,-2.389096124543365,-135.23091493383137,0.3188058031194288,0.33230448206817087,-2.832940547221068,0.15242137587197963,0.7769576865625729,0.942918099061054,-2.547331522004069,0.17054968786335378
420.0,2.0,0.2,0.8,0.3,2.0236156476256077,3,0.8681130327025816,141.07934525432668,-2.389096124543365,-135.23091493383137,0.37854492836045334,0.3377246714075398,-2.958997801188303,0.15226127895412572,0.7769576865625729,0.942918099061054,-2.547331522004069,0.17054968786335378
420.0,2.0,0.2,0.8,0.4,2.067987423737177,3,0.8681130327025816,141.07934525432668,-2.389096124543365,-135.23091493383137,0.42291670447202245,0.3509529632940317,-3.2752105921125594,0.15210118203627182,0.7769576865625729,0.942918099061054,-2.547331522004069,0.17054968786335378
420.0,2.0,0.5,0.4,0.2,1.9314467629951633,3,0.7877123374728554,47.75407608873903,0.6116905944269133,-4.565075571347156,0.36564789166115735,0.7464160931660655,-18.33845053366596,0.49433668407045034,0.7780865338611506,0.43104506136986415,0.258691156095594,-0.1878046968796997
420.0,2.0,0.5,0.4,0.3,1.9888656261709614,3,0.7877123374728554,47.75407608873903,0.6116905944269133,-4.565075571347156,0.42306675483695555,0.7820557122340142,-20.229270459867823,0.49400065010751304,0.7780865338611506,0.43104506136986415,0.258691156095594,-0.1878046968796997
420.0,2.0,0.5,0.4,0.4,2.025184986936514,3,0.7877123374728554,47.75407608873903,0.6116905944269133,-4.565075571347156,0.459386115602508,0.8363372253758659,-23.278538521866615,0.4936646161445756,0.7780865338611506,0.43104506136986415,0.258691156095594,-0.1878046968796997
420.0,2.0,0.5,0.6,0.2,1.971233018451405,3,0.8163899620306171,83.5397771259945,-0.18834800255937512,-69.14667589694079,0.33182405306900375,0.5146040383446157,-8.191916381713972,0.3028875214196026,0.8230190033517842,0.48570826275067897,0.05875037227837476,0.011869309942744762
420.0,2.0,0.5,0.6,0.3,2.0293989582044993,3,0.8163899620306171,83.5397771259945,-0.18834800255937512,-69.14667589694079,0.38998999282209806,0.5335578826747671,-8.881497517469915,0.30262855505816666,0.8230190033517842,0.48570826275067897,0.05875037227837476,0.011869309942744762
420.0,2.0,0.5,0.6,0.4,2.0694148676754534,3,0.8163899620306171,83.5397771259945,-0.18834800255937512,-69.14667589694079,0.43000590229305213,0.5652070658887359,-10.088552319195134,0.30236958869673064,0.8230190033517842,0.48570826275067897,0.05875037227837476,0.011869309942744762
420.0,2.0,0.5,0.8,0.2,2.0293971282072096,3,0.8563675726265095,113.5117979618542,-1.1940121150620597,-105.26594978195827,0.3318954935470657,0.4130327521116346,-4.921458189954236,0.21909368463352002,0.8411340620336347,0.6182497390400074,-0.5250416950849632,0.10041517604263603
420.0,2.0,0.5,0.8,0.3,2.089608403031917,3,0.8563675726265095,113.5117979618542,-1.1940121150620597,-105.26594978195827,0.3921067683717726,0.4242146689115446,-5.2464180806048875,0.2188776535400034,0.8411340620336347,0.6182497390400074,-0.5250416950849632,0.10041517604263603
420.0,2.0,0.5,0.8,0.4,2.132821285663191,3,0.8563675726265095,113.5117979618542,-1.1940121150620597,-105.26594978195827,0.43531965100304687,0.4454764149626988,-5.888253425398033,0.21866162244648685,0.8411340620336347,0.6182497390400074,-0.5250416950849632,0.10041517604263603
420.0,2.0,0.8,0.4,0.2,2.0016917980737903,3,0.8123420508851475,49.33666983093343,0.5855265849513409,20.441334647181584,0.39073362781006227,0.8575271611275298,-24.524394848467665,0.5856096609791434,0.7986161193785802,0.44269298488019115,0.2180857749546079,-0.2822047524657131
420.0,2.0,0.8,0.4,0.3,2.059352536622853,3,0.8123420508851475,49.33666983093343,0.5855265849513409,20.441334647181584,0.4483943663591253,0.901086774192029,-27.183369569194138,0.5852491066816574,0.7986161193785802,0.44269298488019115,0.2180857749546079,-0.2822047524657131
420.0,2.0,0.8,0.4,0.4,2.094448225126911,3,0.8123420508851475,49.33666983093343,0.5855265849513409,20.441334647181584,0.4834900548631833,0.9661877330434905,-31.402813674910576,0.5848885523841714,0.7986161193785802,0.44269298488019115,0.2180857749546079,-0.2822047524657131
420.0,2.0,0.8,0.6,0.2,2.035131037955507,3,0.8339095884217474,52.93322144234194,0.5228953309666382,-31.472969022648957,0.3672086351364624,0.6418333669487216,-13.298953930210336,0.40882435410869417,0.834012814397297,0.4199905051349261,0.2962267124990158,-0.10007183554738995
420.0,2.0,0.8,0.6,0.3,2.0950417358127664,3,0.8339095884217474,52.93322144234194,0.5228953309666382,-31.472969022648957,0.4271193329937221,0.6693498834767618,-14.551277432176466,0.4085126036650715,0.834012814397297,0.4199905051349261,0.2962267124990158,-0.10007183554738995
420.0,2.0,0.8,0.6,0.4,2.134382912152634,3,0.8339095884217474,52.93322144234194,0.5228953309666382,-31.472969022648957,0.46646050933358946,0.7128902302901989,-16.640261180759943,0.4082008532214489,0.834012814397297,0.4199905051349261,0.2962267124990158,-0.10007183554738995
420.0,2.0,0.8,0.8,0.2,2.0639426235430145,3,0.8567523113984813,77.91962790589126,-0.03383386918679587,-66.68694893225135,0.35596986548066395,0.5178205536089384,-8.307183024009266,0.3078194610924063,0.8512204466638694,0.48852662335591834,0.04779532967401967,0.00494139354243746
420.0,2.0,0.8,0.8,0.3,2.1250940116557633,3,0.8567523113984813,77.91962790589126,-0.03383386918679587,-66.68694893225135,0.41712125359341257,0.5362876745361499,-8.982867718339245,0.30754849981470594,0.8512204466638694,0.48852662335591834,0.04779532967401967,0.00494139354243746
420.0,2.0,0.8,0.8,0.4,2.167093940423422,3,0.8567523113984813,77.91962790589126,-0.03383386918679587,-66.68694893225135,0.4591211823610715,0.5676421876086098,-10.184305339599227,0.30727753853700557,0.8512204466638694,0.48852662335591834,0.04779532967401967,0.00494139354243746
420.0,4.0,0.2,0.4,0.2,1.7193561429803803,3,0.7308683581353895,59.79145277106382,0.3912552518631345,4.860279213479063,0.25809793426792976,0.5325397589535769,-8.843822173701328,0.2867260344163764,0.7303898505770609,0.5088627287729316,-0.03313034822989458,0.028204146387476023
420.0,4.0,0.2,0.4,0.3,1.7667362643856461,3,0.7308683581353895,59.79145277106382,0.3912552518631345,4.860279213479063,0.3054780556731955,0.5534721938303324,-9.632889460703941,0.286494914550944,0.7303898505770609,0.5088627287729316,-0.03313034822989458,0.028204146387476023
420.0,4.0,0.2,0.4,0.4,1.8003788532460114,3,0.7308683581353895,59.79145277106382,0.3912552518631345,4.860279213479063,0.3391206445335611,0.5866291109174941,-10.945020686655878,0.2862637946855118,0.7303898505770609,0.5088627287729316,-0.03313034822989458,0.028204146387476023
420.0,4.0,0.2,0.6,0.2,1.77164314854413,3,0.7712631032279337,109.23851881809514,-1.0319294348940118,-89.92817250979633,0.23200706661145634,0.2808182812929539,-1.7372246281851043,0.09269081721218614,0.7683729787047401,0.7938646248904861,-1.514471595525722,0.24150261262235934
420.0,4.0,0.2,0.6,0.3,1.8164317130203846,3,0.7712631032279337,109.23851881809514,-1.0319294348940118,-89.92817250979633,0.27679563108771066,0.28446925564323056,-1.808861708527822,0.0926429370287899,0.7683729787047401,0.7938646248904861,-1.514471595525722,0.24150261262235934
420.0,4.0,0.2,0.6,0.4,1.8509659164251828,3,0.7712631032279337,109.23851881809514,-1.0319294348940118,-89.92817250979633,0.3113298344925091,0.29352952354769724,-1.990633984753782,0.09259505684539365,0.7683729787047401,0.7938646248904861,-1.514471595525722,0.24150261262235934
420.0,4.0,0.2,0.8,0.2,1.8474617531758588,3,0.8390839858604277,130.9080257013542,-1.918028720479609,-121.09715469745639,0.23522131988880376,0.22538819449211753,-0.7632829742717642,0.04913702489310812,0.7731564474266275,1.0436179518512394,-3.3454716028858664,0.28413272412317964
420.0,4.0,0.2,0.8,0.3,1.8920414787600803,3,0.8390839858604277,130.9080257013542,-1.918028720479609,-121.09715469745639,0.2798010454730251,0.2251489644170389,-0.7595418160352372,0.0491088365095511,0.7731564474266275,1.0436179518512394,-3.3454716028858664,0.28413272412317964
420.0,4.0,0.2,0.8,0.4,1.9271833680316692,3,0.8390839858604277,130.9080257013542,-1.918028720479609,-121.09715469745639,0.31494293474461404,0.2284358794205128,-0.8112913798119306,0.04908064812599408,0.7731564474266275,1.0436179518512394,-3.3454716028858664,0.28413272412317964
420.0,4.0,0.5,0.4,0.2,1.8753039216423213,3,0.7936482668108529,61.82558793093204,0.34913109181978086,39.09906373650781,0.3113281006818223,0.6853053487561103,-15.301513496157423,0.40305716556501014,0.770327554149646,0.43836982594105095,0.23328291644539167,-0.09690326261804286
420.0,4.0,0.5,0.4,0.3,1.9302364256509361,3,0.7936482668108529,61.82558793093204,0.34913109181978086,39.09906373650781,0.3662606046904371,0.7145396686771166,-16.721985360775076,0.4027193498935157,0.770327554149646,0.43836982594105095,0.23328291644539167,-0.09690326261804286
420.0,4.0,0.5,0.4,0.4,1.968237677846314,3,0.7936482668108529,61.82558793093204,0.34913109181978086,39.09906373650781,0.40426185688581523,0.7597695481687486,-19.036573355335822,0.40238153422202133,0.770327554149646,0.43836982594105095,0.23328291644539167,-0.09690326261804286
420.0,4.0,0.5,0.6,0.2,1.860307629423407,3,0.7892078706518567,65.80753675284323,0.26259125109239556,-36.591272711368326,0.25793209505088943,0.38969844709676105,-4.271291525978657,0.17918104155643896,0.8131676637206608,0.582566893550258,-0.3540834668421833,0.1424157917642634
420.0,4.0,0.5,0.6,0.3,1.9085756536458076,3,0.7892078706518567,65.80753675284323,0.26259125109239556,-36.591272711368326,0.30620011927329005,0.4003402989499022,-4.563118401071892,0.17904604178912994,0.8131676637206608,0.582566893550258,-0.3540834668421833,0.1424157917642634
420.0,4.0,0.5,0.6,0.4,1.9443765413209317,3,0.7892078706518567,65.80753675284323,0.26259125109239556,-36.591272711368326,0.34200100694841423,0.4195538454842169,-5.109913994839859,0.17891104202182098,0.8131676637206608,0.582566893550258,-0.3540834668421833,0.1424157917642634
420.0,4.0,0.5,0.8,0.2,1.908674030099264,3,0.8240207115715449,99.89629238490538,-0.6992440411872642,-85.09466849132328,0.24992169148649246,0.27824218755985425,-1.687234974229178,0.09346287574730049,0.8347316270412266,0.743795344097326,-1.2072968582555141,0.23568703070672906
420.0,4.0,0.5,0.8,0.3,1.9559300476326078,3,0.8240207115715449,99.89629238490538,-0.6992440411872642,-85.09466849132328,0.29717770901983637,0.28121485817858766,-1.7449612079353245,0.09339996340827267,0.8347316270412266,0.743795344097326,-1.2072968582555141,0.23568703070672906
420.0,4.0,0.5,0.8,0.4,1.9923984113780522,3,0.8240207115715449,99.89629238490538,-0.6992440411872642,-85.09466849132328,0.3336460727652807,0.28959342643977537,-1.9109656712565237,0.09333705106924489,0.8347316270412266,0.743795344097326,-1.2072968582555141,0.23568703070672906
420.0,4.0,0.8,0.4,0.2,1.9669254472619797,3,0.8268228388573623,72.71964285008856,0.09954815873101375,58.56647790584005,0.3450099732017709,0.7836632326908539,-20.316633954866866,0.48207517548065426,0.7950926352028463,0.41760724971545304,0.30419123838217954,-0.18099198240567388
420.0,4.0,0.8,0.4,0.3,2.02570718619174,3,0.8268228388573623,72.71964285008856,0.09954815873101375,58.56647790584005,0.4037917121315313,0.8187759229360678,-22.26964787450309,0.4816658130399173,0.7950926352028463,0.41760724971545304,0.30419123838217954,-0.18099198240567388
420.0,4.0,0.8,0.4,0.4,2.065434099444969,3,0.8268228388573623,72.71964285008856,0.09954815873101375,58.56647790584005,0.4435186253847604,0.8724119117043331,-25.41817777519108,0.48125645059918043,0.7950926352028463,0.41760724971545304,0.30419123838217954,-0.18099198240567388
420.0,4.0,0.8,0.6,0.2,1.9534590534105374,3,0.8242809340922521,46.005057142192314,0.6396137897241077,1.1364266535213357,0.29864501786294395,0.5155951096938995,-8.227355735377202,0.27303935993845724,0.8305331014553414,0.48808495588097345,0.04951629104305766,0.040548054447498046
420.0,4.0,0.8,0.6,0.3,2.007832897812618,3,0.8242809340922521,46.005057142192314,0.6396137897241077,1.1364266535213357,0.35301886226502455,0.5333505579034752,-8.873819695620234,0.2728026003281661,0.8305331014553414,0.48808495588097345,0.04951629104305766,0.040548054447498046
420.0,4.0,0.8,0.6,0.4,2.047088448090637,3,0.8242809340922521,46.005057142192314,0.6396137897241077,1.1364266535213357,0.3922744125430437,0.5629410117952893,-9.999817092032075,0.27256584071787504,0.8305331014553414,0.48808495588097345,0.04951629104305766,0.040548054447498046
420.0,4.0,0.8,0.8,0.2,1.9648500856066005,3,0.838129487094829,62.5292535471646,0.33423109950362306,-41.80705149357431,0.2788901569658375,0.3702852260307926,-3.7591835412676415,0.1641439449799638,0.8478304415459339,0.6163096553979471,-0.5154854720643518,0.15722977544388186
420.0,4.0,0.8,0.8,0.3,2.016583291226123,3,0.838129487094829,62.5292535471646,0.33423109950362306,-41.80705149357431,0.33062336258536024,0.3787199114156496,-3.978470785306561,0.1640058990131655,0.8478304415459339,0.6163096553979471,-0.5154854720643518,0.15722977544388186
420.0,4.0,0.8,0.8,0.4,2.055400323521847,3,0.838129487094829,62.5292535471646,0.33423109950362306,-41.80705149357431,0.369440394881084,0.3952745184323247,-4.423221234961987,0.16386785304636725,0.8478304415459339,0.6163096553979471,-0.5154854720643518,0.15722977544388186
420.0,8.0,0.2,0.4,0.2,1.6721452946506523,3,0.7243255795101793,73.94849651916611,0.06885843569881522,40.90926761321247,0.22456725967562302,0.5358100446931527,-8.96509370460783,0.2460810133726159,0.72325245546485,0.5331062478260167,-0.13391729351074644,0.06688841380421501
420.0,8.0,0.2,0.4,0.3,1.7128732184677478,3,0.7243255795101793,73.94849651916611,0.06885843569881522,40.90926761321247,0.2652951834927185,0.5566569002907298,-9.755605852848896,0.24592786686276175,0.72325245546485,0.5331062478260167,-0.13391729351074644,0.06688841380421501
420.0,8.0,0.2,0.4,0.4,1.7428323773100138,3,0.7243255795101793,73.94849651916611,0.06885843569881522,40.90926761321247,0.2952543423349846,0.5891070114068062,-11.046144492859849,0.24577472035290768,0.72325245546485,0.5331062478260167,-0.13391729351074644,0.06688841380421501
420.0,8.0,0.2,0.6,0.2,1.6713892037890603,3,0.7316596686196527,102.52947981398044,-0.7900061532941391,-73.5540066074927,0.18175370794723678,0.21480083895397933,-0.6015172892651737,0.028489458005905396,0.7579758272221708,0.8440962877806665,-1.8427444136107463,0.3120669978102899
420.0,8.0,0.2,0.6,0.3,1.7087241969894582,3,0.7316596686196527,102.52947981398044,-0.7900061532941391,-73.5540066074927,0.21908870114763468,0.21520165476001027,-0.6074996899645031,0.028485558441917688,0.7579758272221708,0.8440962877806665,-1.8427444136107463,0.3120669978102899
420.0,8.0,0.2,0.6,0.4,1.738204277629787,3,0.7316596686196527,102.52947981398044,-0.7900061532941391,-73.5540066074927,0.24856878178796352,0.21854803970694642,-0.6578816158626741,0.028481658877929996,0.7579758272221708,0.8440962877806665,-1.8427444136107463,0.3120669978102899
420.0,8.0,0.2,0.8,0.2,1.7613871595487711,3,0.8145886374738998,127.96400893185513,-1.7882562917882145,-114.77002112712204,0.17731075700427837,0.1816131507464635,-0.14486497928948405,0.0014445162593750218,0.769487765070593,1.0914733164096098,-3.7531342381653063,0.3364269445270096
420.0,8.0,0.2,0.8,0.3,1.796988981322834,3,0.8145886374738998,127.96400893185513,-1.7882562917882145,-114.77002112712204,0.2129125787783411,0.18016513620146207,-0.12668157867212582,0.0014436045915527415,0.769487765070593,1.0914733164096098,-3.7531342381653063,0.3364269445270096
420.0,8.0,0.2,0.8,0.4,1.8252292103687142,3,0.8145886374738998,127.96400893185513,-1.7882562917882145,-114.77002112712204,0.2411528078242215,0.18003679163822262,-0.12507691805398236,0.0014426929237304786,0.769487765070593,1.0914733164096098,-3.7531342381653063,0.3364269445270096
420.0,8.0,0.5,0.4,0.2,1.821215359745925,3,0.7939808298487839,83.55297342087701,-0.18872346511829474,67.90671305742228,0.2630294757932577,0.6801769096907787,-15.05844372818046,0.3463278751945399,0.7642050541038835,0.4566979829121521,0.16783006551938218,-0.04098230191433384
420.0,8.0,0.5,0.4,0.3,1.8684962264317204,3,0.7939808298487839,83.55297342087701,-0.18872346511829474,67.90671305742228,0.3103103424790528,0.7084442394333773,-16.420917797122446,0.34603048808834835,0.7642050541038835,0.4566979829121521,0.16783006551938218,-0.04098230191433384
420.0,8.0,0.5,0.4,0.4,1.9027605807066883,3,0.7939808298487839,83.55297342087701,-0.18872346511829474,67.90671305742228,0.3445746967540207,0.7516416539251585,-18.610170243141688,0.3457331009821568,0.7642050541038835,0.4566979829121521,0.16783006551938218,-0.04098230191433384
420.0,8.0,0.5,0.6,0.2,1.7825761803332134,3,0.7627384413256697,63.19209662459963,0.3200412830660987,-14.015759715157348,0.213951901135541,0.3231093271688635,-2.623753725222431,0.09783361899709972,0.8058858378720026,0.6623532028989929,-0.7503831164611403,0.22812540886766025
420.0,8.0,0.5,0.6,0.3,1.822463570084193,3,0.7627384413256697,63.19209662459963,0.3200412830660987,-14.015759715157348,0.25383929088652063,0.32977915768444616,-2.7749055839939087,0.09780031163423802,0.8058858378720026,0.6623532028989929,-0.7503831164611403,0.22812540886766025
420.0,8.0,0.5,0.6,0.4,1.8534385778026732,3,0.7627384413256697,63.19209662459963,0.3200412830660987,-14.015759715157348,0.28481429860500074,0.34269347416912754,-3.076348945687128,0.09776700427137636,0.8058858378720026,0.6623532028989929,-0.7503831164611403,0.22812540886766025
420.0,8.0,0.5,0.8,0.2,1.8250082796975378,3,0.7997198108457293,94.44713482458116,-0.5189189175359263,-73.501185142861,0.19586674729005474,0.2135055088286976,-0.5822600218226424,0.024480720059116834,0.8294217215617538,0.8263537766251456,-1.7244940680091978,0.3104583500714515
420.0,8.0,0.5,0.8,0.3,1.862910287334104,3,0.7997198108457293,94.44713482458116,-0.5189189175359263,-73.501185142861,0.23376875492662105,0.213526361206349,-0.5825691051329567,0.024475792982537676,0.8294217215617538,0.8263537766251456,-1.7244940680091978,0.3104583500714515
420.0,8.0,0.5,0.8,0.4,1.8929785966516777,3,0.7997198108457293,94.44713482458116,-0.5189189175359263,-73.501185142861,0.2638370642441944,0.21642260161103796,-0.6257917360622363,0.024470865905958518,0.8294217215617538,0.8263537766251456,-1.7244940680091978,0.3104583500714515
420.0,8.0,0.8,0.4,0.2,1.9170219786827734,3,0.8302842209836677,94.10816507207892,-0.5080357151303896,83.79118439178501,0.2964845625132453,0.7669738724173554,-19.418358471198403,0.41397948102346127,0.7902531951858605,0.4210283897579682,0.29274407184934415,-0.11513116716872873
420.0,8.0,0.8,0.4,0.3,1.9706499594143791,3,0.8302842209836677,94.10816507207892,-0.5080357151303896,83.79118439178501,0.350112543244851,0.7997183375869309,-21.199019566903935,0.4135467252518775,0.7902531951858605,0.4210283897579682,0.29274407184934415,-0.11513116716872873
420.0,8.0,0.8,0.4,0.4,2.009046655839425,3,0.8302842209836677,94.10816507207892,-0.5080357151303896,83.79118439178501,0.38850923966989664,0.8496217609475268,-24.055953791311012,0.4131139694802939,0.7902531951858605,0.4210283897579682,0.29274407184934415,-0.11513116716872873
420.0,8.0,0.8,0.6,0.2,1.8781504429195528,3,0.8079405562441723,55.820930408500956,0.4694196549977956,23.045367774653204,0.243672609556957,0.4523237388234269,-6.101636628355651,0.18167151918464358,0.8265372771184235,0.5649166513298116,-0.27327609720290846,0.13599406027277314
420.0,8.0,0.8,0.6,0.3,1.9217476561172093,3,0.8079405562441723,55.820930408500956,0.4694196549977956,23.045367774653204,0.2872698227546135,0.46627727557451015,-6.546545336451007,0.1815656204543,0.8265372771184235,0.5649166513298116,-0.27327609720290846,0.13599406027277314
420.0,8.0,0.8,0.6,0.4,1.9548074712601986,3,0.8079405562441723,55.820930408500956,0.4694196549977956,23.045367774653204,0.32032963789760277,0.4896728475545166,-7.322843548300359,0.1814597217239565,0.8265372771184235,0.5649166513298116,-0.27327609720290846,0.13599406027277314
420.0,8.0,0.8,0.8,0.2,1.8862171442155211,3,0.8182971104146084,59.09156267750119,0.40542319074639543,-26.566420156925613,0.2234114004705021,0.2938051351792989,-1.9962527754733,0.07389294828050846,0.8445086333304105,0.7208573414992857,-1.0732538752832053,0.25400017285151366
420.0,8.0,0.8,0.8,0.3,1.9266949734369172,3,0.8182971104146084,59.09156267750119,0.40542319074639543,-26.566420156925613,0.26388922969189826,0.29823174560469007,-2.087218911862972,0.07386620826349234,0.8445086333304105,0.7208573414992857,-1.0732538752832053,0.25400017285151366
420.0,8.0,0.8,0.8,0.4,1.9584736973504344,3,0.8182971104146084,59.09156267750119,0.40542319074639543,-26.566420156925613,0.2956679536054153,0.3080841682616427,-2.294567788325965,0.07383946824647623,0.8445086333304105,0.7208573414992857,-1.0732538752832053,0.25400017285151366
840.0,2.0,0.2,0.4,0.2,1.6861231527109184,3,0.6356420414509455,181.00135738586326,-4.57854164514953,166.08353812238758,0.34520975903758316,0.4976520616801519,-7.596294789271221,0.34079321219400305,0.7052713522223896,0.5089393786742517,-0.03344161214804986,0.00489598326317581
840.0,2.0,0.2,0.4,0.3,1.736471201115514,3,0.6356420414509455,181.00135738586326,-4.57854164514953,166.08353812238758,0.3955578074421787,0.5203993479805592,-8.400115123393519,0.3404702395952339,0.7052713522223896,0.5089393786742517,-0.03344161214804986,0.00489598326317581
840.0,2.0,0.2,0.4,0.4,1.7660763976922267,3,0.6356420414509455,181.00135738586326,-4.57854164514953,166.08353812238758,0.4251630040188915,0.5567274442546055,-9.75833209641943,0.34014726699646497,0.7052713522223896,0.5089393786742517,-0.03344161214804986,0.00489598326317581
840.0,2.0,0.2,0.6,0.2,1.692297646354909,3,0.6891385103694635,83.96642076520277,-0.20051695439273232,-34.56371442082743,0.25601279253881,0.22354233706337132,-0.7345197888315147,0.0967860603476082,0.7471463434466357,0.7320962810722266,-1.1384063509102673,0.2611837677771628
840.0,2.0,0.2,0.6,0.3,1.7407946212689906,3,0.6891385103694635,83.96642076520277,-0.20051695439273232,-34.56371442082743,0.30450976745289143,0.2250202796172395,-0.757531044371311,0.09663094846291118,0.7471463434466357,0.7320962810722266,-1.1384063509102673,0.2611837677771628
840.0,2.0,0.2,0.6,0.4,1.7738622448289783,3,0.6891385103694635,83.96642076520277,-0.20051695439273232,-34.56371442082743,0.33757739101287904,0.23116982454634566,-0.8549062805325356,0.09647583657821417,0.7471463434466357,0.7320962810722266,-1.1384063509102673,0.2611837677771628
840.0,2.0,0.2,0.8,0.2,1.8345635430317921,3,0.7837860431486348,119.85711228676213,-1.4461587372182758,-102.61269340027371,0.283387946881869,0.1837847992832242,-0.1724082386162329,0.04796942213097977,0.7673895530012884,0.956318404167211,-2.6488739560868533,0.29949625610345176
840.0,2.0,0.2,0.8,0.3,1.8884732049173651,3,0.7837860431486348,119.85711228676213,-1.4461587372182758,-102.61269340027371,0.337297608767442,0.18076259201262715,-0.13416647384814762,0.04790215074522144,0.7673895530012884,0.956318404167211,-2.6488739560868533,0.29949625610345176
840.0,2.0,0.2,0.8,0.4,1.9280605471209415,3,0.7837860431486348,119.85711228676213,-1.4461587372182758,-102.61269340027371,0.3768849509710184,0.1801896004013153,-0.12698757832638607,0.047834879359463116,0.7673895530012884,0.956318404167211,-2.6488739560868533,0.29949625610345176
840.0,2.0,0.5,0.4,0.2,1.7901668788127751,3,0.6764396059076215,248.4672638289501,-9.512242502970516,240.86655958619045,0.38432460763336135,0.6596986803445557,-14.106049921225603,0.47176262587443013,0.7294026652717923,0.45649208534529584,0.16858024680897765,-0.14346082361832627
840.0,2.0,0.5,0.4,0.3,1.8411260375815792,3,0.6764396059076215,248.4672638289501,-9.512242502970516,240.86655958619045,0.43528376640216526,0.6942348686574608,-15.72909819972994,0.4714659837647158,0.7294026652717923,0.45649208534529584,0.16858024680897765,-0.14346082361832627
840.0,2.0,0.5,0.4,0.4,1.86941574294937,3,0.6764396059076215,248.4672638289501,-9.512242502970516,240.86655958619045,0.46357347176995645,0.746672386056986,-18.351733093752554,0.47116934165500163,0.7294026652717923,0.45649208534529584,0.16858024680897765,-0.14346082361832627
840.0,2.0,0.5,0.6,0.2,1.793740288458519,3,0.693299777217837,119.74750346060625,-1.4416867791494026,99.11670304741922,0.33627286710662213,0.37787783093967914,-3.9563562242249795,0.24274404106871023,0.7641676441340598,0.5432922042283171,-0.17766232280260752,0.09527872148826845
840.0,2.0,0.5,0.6,0.3,1.846329963072308,3,0.693299777217837,119.74750346060625,-1.4416867791494026,99.11670304741922,0.3888625417204111,0.3910364920591805,-4.307552044271293,0.24253047135051287,0.7641676441340598,0.5432922042283171,-0.17766232280260752,0.09527872148826845
840.0,2.0,0.5,0.6,0.4,1.8789611409422968,3,0.693299777217837,119.74750346060625,-1.4416867791494026,99.11670304741922,0.42149371959040016,0.41447031453114347,-4.962749247660258,0.24231690163231548,0.7641676441340598,0.5432922042283171,-0.17766232280260752,0.09527872148826845
840.0,2.0,0.5,0.8,0.2,1.8310893207203818,3,0.7299897981187785,66.62455862312696,0.24416725008954532,2.1420542457280827,0.30375827686046347,0.2523423714507626,-1.2102431089386254,0.1297233513168417,0.7973412457411397,0.6486497905807185,-0.6787050564045825,0.21049259389606909
840.0,2.0,0.5,0.8,0.3,1.8839992559476866,3,0.7299897981187785,66.62455862312696,0.24416725008954532,2.1420542457280827,0.3566682120877684,0.2553029700171535,-1.2624105596718378,0.12958795646037027,0.7973412457411397,0.6486497905807185,-0.6787050564045825,0.21049259389606909
840.0,2.0,0.5,0.8,0.4,1.9194736737466567,3,0.7299897981187785,66.62455862312696,0.24416725008954532,2.1420542457280827,0.3921426298867383,0.26433153587666164,-1.4252563130272682,0.12945256160389887,0.7973412457411397,0.6486497905807185,-0.6787050564045825,0.21049259389606909
840.0,2.0,0.8,0.4,0.2,1.8459891882828314,3,0.6997901745344596,290.8726285071869,-13.406640762755815,285.3939560991456,0.401184476799762,0.773138077923907,-19.747884014525226,0.560412978515307,0.74501453694861,0.4572839576977937,0.16569323352556264,-0.23921464199540365
840.0,2.0,0.8,0.4,0.3,1.8965130829468144,3,0.6997901745344596,290.8726285071869,-13.406640762755815,285.3939560991456,0.45170837146374476,0.8161465475212704,-22.12043391816107,0.560123970483184,0.74501453694861,0.4572839576977937,0.16569323352556264,-0.23921464199540365
840.0,2.0,0.8,0.4,0.4,1.9236316545479988,3,0.6997901745344596,290.8726285071869,-13.406640762755815,285.3939560991456,0.4788269430649293,0.8800060532184467,-25.880107667834075,0.5598349624510609,0.74501453694861,0.4572839576977937,0.16569323352556264,-0.23921464199540365
840.0,2.0,0.8,0.6,0.2,1.8672574110060696,3,0.7169206124211415,185.68900188446634,-4.871233863472592,176.02199755396003,0.37493612358394995,0.5179545222479323,-8.311999487654084,0.35881716062293834,0.7754006750009782,0.4651073613181201,0.13690170129509116,-0.03153618536260523
840.0,2.0,0.8,0.6,0.3,1.9204940090186198,3,0.7169206124211415,185.68900188446634,-4.871233863472592,176.02199755396003,0.4281727215965,0.5414464831576994,-9.17585147202133,0.3585865399639865,0.7754006750009782,0.4651073613181201,0.13690170129509116,-0.03153618536260523
840.0,2.0,0.8,0.6,0.4,1.9516475806441291,3,0.7169206124211415,185.68900188446634,-4.871233863472592,176.02199755396003,0.4593262932220095,0.579136861463933,-10.641852735888419,0.3583559193050347,0.7754006750009782,0.4651073613181201,0.13690170129509116,-0.03153618536260523
840.0,2.0,0.8,0.8,0.2,1.8926840671553755,3,0.7390984317523652,113.69351901129035,-1.2010425265112978,96.53435384414634,0.35333057999395273,0.3739189514790558,-3.8530485876130527,0.2403815331519925,0.8002550554090574,0.5363926646744255,-0.1479408067827861,0.09000905512252398
840.0,2.0,0.8,0.8,0.3,1.9475392057628302,3,0.7390984317523652,113.69351901129035,-1.2010425265112978,96.53435384414634,0.4081857186014076,0.3862001403311697,-4.177075987174985,0.2402037670310703,0.8002550554090574,0.5363926646744255,-0.1479408067827861,0.09000905512252398
840.0,2.0,0.8,0.8,0.4,1.981778594837929,3,0.7390984317523652,113.69351901129035,-1.2010425265112978,96.53435384414634,0.44242510767650645,0.40869926794561195,-4.797855731418806,0.24002600091014814,0.8002550554090574,0.5363926646744255,-0.1479408067827861,0.09000905512252398
840.0,4.0,0.2,0.4,0.2,1.6352082566602792,3,0.6409990703461149,301.9368073689809,-14.523481667132351,292.7678055420223,0.2956871629536757,0.4248855437005056,-5.266190513316217,0.2641144978476539,0.6985220233604886,0.5476208693023997,-0.19650306315660626,0.0720524886919547
840.0,4.0,0.2,0.4,0.3,1.68436272153889,3,0.6409990703461149,301.9368073689809,-14.523481667132351,292.7678055420223,0.3448416278322867,0.4413421192847472,-5.760992235519875,0.26387101578265904,0.6985220233604886,0.5476208693023997,-0.19650306315660626,0.0720524886919547
840.0,4.0,0.2,0.4,0.4,1.7160310420792295,3,0.6409990703461149,301.9368073689809,-14.523481667132351,292.7678055420223,0.37650994837262614,0.4687256663599495,-6.62600622162071,0.2636275337176642,0.6985220233604886,0.5476208693023997,-0.19650306315660626,0.0720524886919547
840.0,4.0,0.2,0.6,0.2,1.5506070712943212,3,0.6372053194129669,93.2912360012081,-0.48196760389839666,21.58965582046724,0.1776203915082203,0.1686990962848258,0.012163208691228555,0.009203391790144424,0.735781360373134,0.818946181849756,-1.675867217977033,0.36944167108551296
840.0,4.0,0.2,0.6,0.3,1.588326707466042,3,0.6372053194129669,93.2912360012081,-0.48196760389839666,21.58965582046724,0.21534002767994107,0.16714553136241866,0.03027358595099905,0.009148145506351959,0.735781360373134,0.818946181849756,-1.675867217977033,0.36944167108551296
840.0,4.0,0.2,0.6,0.4,1.6154377855062139,3,0.6372053194129669,93.2912360012081,-0.48196760389839666,21.58965582046724,0.24245110572011308,0.16617468838549385,0.041505928452529095,0.0090928992225595,0.735781360373134,0.818946181849756,-1.675867217977033,0.36944167108551296
840.0,4.0,0.2,0.8,0.2,1.7131785587624808,3,0.7456378585823751,116.15629540929352,-1.2974312339067486,-91.318592164716,0.20405775287738978,0.1672753488311339,0.028766679794515526,-0.014668108208196723,0.7634829473027159,1.008184790709524,-3.0554039242147466,0.37281709452614487
840.0,4.0,0.2,0.8,0.3,1.754185395306621,3,0.7456378585823751,116.15629540929352,-1.2974312339067486,-91.318592164716,0.24506458942153006,0.1662132724331245,0.04106077191567692,-0.01467564614755825,0.7634829473027159,1.008184790709524,-3.0554039242147466,0.37281709452614487
840.0,4.0,0.2,0.8,0.4,1.7861995229703314,3,0.7456378585823751,116.15629540929352,-1.2974312339067486,-91.318592164716,0.27707871708524046,0.16521904663775935,0.052498494727105105,-0.014683184086919774,0.7634829473027159,1.008184790709524,-3.0554039242147466,0.37281709452614487
840.0,4.0,0.5,0.4,0.2,1.7504772914731226,3,0.6901817439111169,347.76854045289497,-19.593852662072404,342.1185939612706,0.3355663200074144,0.5494133459625969,-9.477510253533758,0.3633110744637011,0.7247292275545912,0.4792521711910226,0.0836064742223459,-0.04176886863766924
840.0,4.0,0.5,0.4,0.3,1.8030255692443586,3,0.6901817439111169,347.76854045289497,-19.593852662072404,342.1185939612706,0.3881145977786504,0.5738098014698981,-10.428667811671767,0.3630574401288728,0.7247292275545912,0.4792521711910226,0.0836064742223459,-0.04176886863766924
840.0,4.0,0.5,0.4,0.4,1.8358757182641505,3,0.6901817439111169,347.76854045289497,-19.593852662072404,342.1185939612706,0.42096474679844237,0.6123924343908451,-12.017252178194788,0.3628038057940446,0.7247292275545912,0.4792521711910226,0.0836064742223459,-0.04176886863766924
840.0,4.0,0.5,0.6,0.2,1.6755087839613705,3,0.6650834885235655,193.30813557468187,-5.3629319744294985,176.93632967988404,0.2550153531168435,0.23590321415474816,-0.9316453867694974,0.10599884122788052,0.7554099423209615,0.6613528379119427,-0.7450998335401489,0.2396432624250278
840.0,4.0,0.5,0.6,0.3,1.722121108791568,3,0.6650834885235655,193.30813557468187,-5.3629319744294985,176.93632967988404,0.30162767794704104,0.2383314048532685,-0.9716155323705562,0.10587947717473936,0.7554099423209615,0.6613528379119427,-0.7450998335401489,0.2396432624250278
840.0,4.0,0.5,0.6,0.4,1.754166430849359,3,0.6650834885235655,193.30813557468187,-5.3629319744294985,176.93632967988404,0.33367300000483213,0.24574545546068235,-1.0961901475329405,0.10576011312159819,0.7554099423209615,0.6613528379119427,-0.7450998335401489,0.2396432624250278
840.0,4.0,0.5,0.8,0.2,1.6993157611352707,3,0.693169784273055,88.82546328916779,-0.3434823912931453,42.37688826876976,0.21816063778146608,0.1687939259841131,0.011052324320938611,0.016093490995619634,0.7879853390807496,0.7718556321823853,-1.3769825265408246,0.3363446135166066
840.0,4.0,0.5,0.8,0.3,1.742220212660042,3,0.693169784273055,88.82546328916779,-0.3434823912931453,42.37688826876976,0.2610650893062373,0.16660951334374527,0.03648323295512157,0.016055258314417956,0.7879853390807496,0.7718556321823853,-1.3769825265408246,0.3363446135166066
840.0,4.0,0.5,0.8,0.4,1.7735518998974318,3,0.693169784273055,88.82546328916779,-0.3434823912931453,42.37688826876976,0.2923967765436272,0.16524989388370825,0.052144654887735786,0.016017025633216282,0.7879853390807496,0.7718556321823853,-1.3769825265408246,0.3363446135166066
840.0,4.0,0.8,0.4,0.2,1.8235776633460083,3,0.7213113717305887,376.59908983703303,-23.149911752842243,372.37788388643776,0.35877089058140005,0.6431430869070842,-13.35737012990202,0.4366325872534846,0.7434954010340196,0.44994226599887893,0.1922677623117921,-0.12134044282581748
840.0,4.0,0.8,0.4,0.3,1.877567493601426,3,0.7213113717305887,376.59908983703303,-23.149911752842243,372.37788388643776,0.4127607208368176,0.6736944626453812,-14.753811345138892,0.43636495199592806,0.7434954010340196,0.44994226599887893,0.1922677623117921,-0.12134044282581748
840.0,4.0,0.8,0.4,0.4,1.9105726942715544,3,0.7213113717305887,376.59908983703303,-23.149911752842243,372.37788388643776,0.4457659215069462,0.7208074016097571,-17.0342530827795,0.43609731673837177,0.7434954010340196,0.44994226599887893,0.1922677623117921,-0.12134044282581748
840.0,4.0,0.8,0.6,0.2,1.7817144429026932,3,0.7066357299218379,260.40267062608007,-10.546434169516695,251.7710814700046,0.30291811555398906,0.3399662068267221,-3.011725270872394,0.1973849764147729,0.772160597426866,0.5663906155423364,-0.27992915582296773,0.13289733471573573
840.0,4.0,0.8,0.6,0.3,1.8334604470737754,3,0.7066357299218379,260.40267062608007,-10.546434169516695,251.7710814700046,0.3546641197250715,0.34945433269312365,-3.238776752459864,0.19722596245154442,0.772160597426866,0.5663906155423364,-0.27992915582296773,0.13289733471573573
840.0,4.0,0.8,0.6,0.4,1.8679043206850667,3,0.7066357299218379,260.40267062608007,-10.546434169516695,251.7710814700046,0.38910799333636276,0.3675452004840562,-3.6890104097587955,0.19706694848831605,0.772160597426866,0.5663906155423364,-0.27992915582296773,0.13289733471573573
840.0,4.0,0.8,0.8,0.2,1.7770408540402545,3,0.7144757226896368,166.36684869013615,-3.7129257378289653,150.69546158137848,0.26703468907411154,0.21037430931435555,-0.5361905572080661,0.08159844165152175,0.7955304422765063,0.6829314276370143,-0.8608357106595999,0.2572648821415264
840.0,4.0,0.8,0.8,0.3,1.8261045953619321,3,0.7144757226896368,166.36684869013615,-3.7129257378289653,150.69546158137848,0.31609843039578894,0.21017387974173427,-0.5332648069464359,0.08151672403886408,0.7955304422765063,0.6829314276370143,-0.8608357106595999,0.2572648821415264
840.0,4.0,0.8,0.8,0.4,1.8605949283841077,3,0.7144757226896368,166.36684869013615,-3.7129257378289653,150.69546158137848,0.35058876341796447,0.2138423753438436,-0.5872569037425628,0.08143500642620644,0.7955304422765063,0.6829314276370143,-0.8608357106595999,0.2572648821415264
840.0,8.0,0.2,0.4,0.2,1.5887408297122667,3,0.6536220247470724,391.3802071134464,-25.08283135917482,384.3860538971863,0.23989119291411565,0.41068839803503937,-4.854429133257995,0.21540369815565505,0.6952276120510786,0.5743978715618515,-0.3163745522359336,0.11224189540836213
840.0,8.0,0.2,0.4,0.3,1.6330987280251201,3,0.6536220247470724,391.3802071134464,-25.08283135917482,384.3860538971863,0.28424909122696906,0.42506227876413777,-5.271404557068517,0.21522407072617603,0.6952276120510786,0.5743978715618515,-0.3163745522359336,0.11224189540836213
840.0,8.0,0.2,0.4,0.4,1.6643816990358853,3,0.6536220247470724,391.3802071134464,-25.08283135917482,384.3860538971863,0.3155320622377342,0.4489645062637438,-5.996546127246264,0.21504444329669697,0.6952276120510786,0.5743978715618515,-0.3163745522359336,0.11224189540836213
840.0,8.0,0.2,0.6,0.2,1.4572476276283057,3,0.6026685944666351,114.24599837953018,-1.222485879993933,53.57065675511599,0.12384282393802522,0.17027564330373132,-0.006386365654347026,-0.02061369313700439,0.7307362092236453,0.8615523479184433,-1.9615370811711315,0.4207577719395124
840.0,8.0,0.2,0.6,0.3,1.4877766162260353,3,0.6026685944666351,114.24599837953018,-1.222485879993933,53.57065675511599,0.1543718125357547,0.17001545588177894,-0.003313124979387183,-0.020623074289143877,0.7307362092236453,0.8615523479184433,-1.9615370811711315,0.4207577719395124
840.0,8.0,0.2,0.6,0.4,1.5109497030217045,3,0.6026685944666351,114.24599837953018,-1.222485879993933,53.57065675511599,0.17754489933142417,0.16976362800015737,-0.0003430997521689516,-0.020632455441283365,0.7307362092236453,0.8615523479184433,-1.9615370811711315,0.4207577719395124
840.0,8.0,0.2,0.8,0.2,1.6475325309772917,3,0.7367762528407913,115.47098351051602,-1.2704019217703704,-88.57825512343331,0.14852668803346541,0.17126197868964596,-0.01807928218255994,-0.023776546052238928,0.7622295901030349,1.0196405521456335,-3.148088686728431,0.38715676709279756
840.0,8.0,0.2,0.8,0.3,1.679732041533995,3,0.7367762528407913,115.47098351051602,-1.2704019217703704,-88.57825512343331,0.1807261985901688,0.17122499353242304,-0.017639607751504416,-0.02377688854990634,0.7622295901030349,1.0196405521456335,-3.148088686728431,0.38715676709279756
840.0,8.0,0.2,0.8,0.4,1.7052062817418512,3,0.7367762528407913,115.47098351051602,-1.2704019217703704,-88.57825512343331,0.20620043879802505,0.17118811573606627,-0.0172013041593444,-0.02377723104757375,0.7622295901030349,1.0196405521456335,-3.148088686728431,0.38715676709279756
840.0,8.0,0.5,0.4,0.2,1.702282112326213,3,0.7069671376376981,420.09895688636306,-29.051089525837025,415.41807387393783,0.2734551613014541,0.5125432445611369,-8.118443522271255,0.2908201309738338,0.7218598133870608,0.5092189959984613,-0.03457749422633993,0.025785854761783352
840.0,8.0,0.5,0.4,0.3,1.7511845508178758,3,0.7069671376376981,420.09895688636306,-29.051089525837025,415.41807387393783,0.32235759979311673,0.532541399230273,-8.843882813744473,0.29060197925198844,0.7218598133870608,0.5092189959984613,-0.03457749422633993,0.025785854761783352
840.0,8.0,0.5,0.4,0.4,1.7851707048921241,3,0.7069671376376981,420.09895688636306,-29.051089525837025,415.41807387393783,0.35634375386736517,0.5645941256112131,-10.064515340751337,0.29038382753014325,0.7218598133870608,0.5092189959984613,-0.03457749422633993,0.025785854761783352
840.0,8.0,0.5,0.6,0.2,1.5625353659218502,3,0.6352017139866641,247.6669836762434,-9.444634474878939,231.77192814973017,0.17778809393179626,0.17719291100721185,-0.08981397056725426,0.022255535852534772,0.7495455580033896,0.7511515885470448,-1.251173740773424,0.33381001409717315
840.0,8.0,0.5,0.6,0.3,1.5993656888580952,3,0.6352017139866641,247.6669836762434,-9.444634474878939,231.77192814973017,0.2146184168680414,0.17585615387565331,-0.07343271219750047,0.022219080825321987,0.7495455580033896,0.7511515885470448,-1.251173740773424,0.33381001409717315
840.0,8.0,0.5,0.6,0.4,1.6268773277244442,3,0.6352017139866641,247.6669836762434,-9.444634474878939,231.77192814973017,0.24213005573439036,0.17579030369239398,-0.07262895861880225,0.022182625798109205,0.7495455580033896,0.7511515885470448,-1.251173740773424,0.33381001409717315
840.0,8.0,0.5,0.8,0.2,1.6148784466036354,3,0.6741057078730232,101.71949275452494,-0.7618356259401244,58.037527744192815,0.1567890686175212,0.16990836157423148,-0.002049530652419529,-0.020647726218195245,0.7839836701130912,0.8214335643997167,-1.692146708746011,0.3828675135663879
840.0,8.0,0.5,0.8,0.3,1.6489226078923078,3,0.6741057078730232,101.71949275452494,-0.7618356259401244,58.037527744192815,0.19083322990619356,0.1695643366463165,0.0020041959010220767,-0.020650680486851574,0.7839836701130912,0.8214335643997167,-1.692146708746011,0.3828675135663879
840.0,8.0,0.5,0.8,0.4,1.6754151036770955,3,0.6741057078730232,101.71949275452494,-0.7618356259401244,58.037527744192815,0.2173257256909809,0.16923003088545702,0.005935527951904218,-0.020653634755507907,0.7839836701130912,0.8214335643997167,-1.692146708746011,0.3828675135663879
840.0,8.0,0.8,0.4,0.2,1.7826710540711739,3,0.7429806735319284,439.02051866094513,-31.81909892290153,435.4784820232894,0.2975437679930025,0.5926612656300811,-11.191938778011181,0.3503275363513112,0.7421466125462429,0.46938083872957714,0.1209682789269445,-0.03881773442131348
840.0,8.0,0.8,0.4,0.3,1.8347114995195772,3,0.7429806735319284,439.02051866094513,-31.81909892290153,435.4784820232894,0.34958421344140594,0.6171100239402447,-12.218582523809033,0.3500706510232265,0.7421466125462429,0.46938083872957714,0.1209682789269445,-0.03881773442131348
840.0,8.0,0.8,0.4,0.4,1.8704455636525172,3,0.7429806735319284,439.02051866094513,-31.81909892290153,435.4784820232894,0.38531827757434595,0.6555478489401544,-13.91655309385278,0.3498137656951419,0.7421466125462429,0.46938083872957714,0.1209682789269445,-0.03881773442131348
840.0,8.0,0.8,0.6,0.2,1.6756767568306281,3,0.6861740451250213,315.7409662930597,-15.97535570928839,306.8048209519368,0.22031876044866855,0.23661321554401016,-0.9432902876769957,0.08494109552123535,0.7691839512569382,0.6685237414326094,-0.7831484659306351,0.25103557658824915
840.0,8.0,0.8,0.6,0.3,1.7184486846308968,3,0.6861740451250213,315.7409662930597,-15.97535570928839,306.8048209519368,0.2630906882489375,0.23870615447987206,-0.9778206992835858,0.0848697906528694,0.7691839512569382,0.6685237414326094,-0.7831484659306351,0.25103557658824915
840.0,8.0,0.8,0.6,0.4,1.749987322668384,3,0.6861740451250213,315.7409662930597,-15.97535570928839,306.8048209519368,0.29462932628642435,0.245164893895492,-1.0862975542573179,0.08479848578450344,0.7691839512569382,0.6685237414326094,-0.7831484659306351,0.25103557658824915
840.0,8.0,0.8,0.8,0.2,1.6667949692830195,3,0.6885709088378451,196.74730479375822,-5.591353433218161,180.29764067523809,0.1867498928364152,0.16748934432483872,0.026280091065563393,-0.001144826842225571,0.7914741676087591,0.7792151926024369,-1.4225271733134033,0.3493368148611666
840.0,8.0,0.8,0.8,0.3,1.7051733948956196,3,0.6885709088378451,196.74730479375822,-5.591353433218161,180.29764067523809,0.2251283184490155,0.16581938251750236,0.045600348478410435,-0.0011586125193751371,0.7914741676087591,0.7792151926024369,-1.4225271733134033,0.3493368148611666
840.0,8.0,0.8,0.8,0.4,1.7345993784766154,3,0.6885709088378451,196.74730479375822,-5.591353433218161,180.29764067523809,0.2545543020300111,0.16451016896842305,0.06061162426267441,-0.0011723981965246972,0.7914741676087591,0.7792151926024369,-1.4225271733134033,0.3493368148611666
